id,text,subreddit,thread_title,thread_type,score,created_utc,permalink,batch
nz38vyr,They did that. It benefited the big markets allegedly so they created the super max which depends on all star or all nba awards,nba,"Giannis on the 65-game rule for regular-season awards: ""The margin of error is hard. One injury & you're off the race. Jokic, Wemby & myself might not make it. LeBron's not going to make it. I was all for it because it could benefit me at first. As I get older, I'm like 'ah take it off, take it off""",discussion,4,1768184557,https://www.reddit.com/r/nba/comments/1q9zqko/giannis_on_the_65game_rule_for_regularseason/nz38vyr/,random
nz4c9mk,"That's pretty specific though. A guy like Jokic wont be eligible for that, because he didn't suffer a season ending injury. And assuming he plays the way he does, even if he ends at 60-64 games, seeing Jokic *not* make All-NBA at all is going to feel extremely weird this year. It is what it is. They (and a lot of fans as well) wanted a cut-off, so there's a hard cut-off. But even ~55 games of Jokic, in my mind, deserves at least an All-NBA team of some sort. I don't love the 65 game cut-off, but I do understand why it's there. I'm honestly hoping enough players miss it this year that it at least warrants it being discussed more and maybe refined.",nba,"Giannis on the 65-game rule for regular-season awards: ""The margin of error is hard. One injury & you're off the race. Jokic, Wemby & myself might not make it. LeBron's not going to make it. I was all for it because it could benefit me at first. As I get older, I'm like 'ah take it off, take it off""",discussion,0,1768199539,https://www.reddit.com/r/nba/comments/1q9zqko/giannis_on_the_65game_rule_for_regularseason/nz4c9mk/,random
nz2oule,I keep trying to tell my boss this. He keeps telling me to shut up and get back to work. Terrible place.,nba,"Giannis on the 65-game rule for regular-season awards: ""The margin of error is hard. One injury & you're off the race. Jokic, Wemby & myself might not make it. LeBron's not going to make it. I was all for it because it could benefit me at first. As I get older, I'm like 'ah take it off, take it off""",discussion,11,1768178272,https://www.reddit.com/r/nba/comments/1q9zqko/giannis_on_the_65game_rule_for_regularseason/nz2oule/,random
nz3xhb7,What they need to do is restrict back 2 backs to max of 3 a year. Teams should just play their bench in one of the 2 games in the meantime.,nba,"Giannis on the 65-game rule for regular-season awards: ""The margin of error is hard. One injury & you're off the race. Jokic, Wemby & myself might not make it. LeBron's not going to make it. I was all for it because it could benefit me at first. As I get older, I'm like 'ah take it off, take it off""",discussion,1,1768192856,https://www.reddit.com/r/nba/comments/1q9zqko/giannis_on_the_65game_rule_for_regularseason/nz3xhb7/,random
nz4u9jo,"Fucking retarted rule. Average all star player play sth like 60games. So if you are going to set a rule, make it meaningful stats wise. If average of your top 24 player is around 62 games then minimum threshold should be somewhere like 50-55 games. Wemby playing 64 games is more worthy for all nba defense lineup then some subpar guy playing 66 games and getting into all defense team…",nba,"Giannis on the 65-game rule for regular-season awards: ""The margin of error is hard. One injury & you're off the race. Jokic, Wemby & myself might not make it. LeBron's not going to make it. I was all for it because it could benefit me at first. As I get older, I'm like 'ah take it off, take it off""",discussion,1,1768209457,https://www.reddit.com/r/nba/comments/1q9zqko/giannis_on_the_65game_rule_for_regularseason/nz4u9jo/,random
nz391a8,I swear everyone here is 14 years old. This was a massive topic of conversation not that long ago,nba,"Giannis on the 65-game rule for regular-season awards: ""The margin of error is hard. One injury & you're off the race. Jokic, Wemby & myself might not make it. LeBron's not going to make it. I was all for it because it could benefit me at first. As I get older, I'm like 'ah take it off, take it off""",discussion,3,1768184604,https://www.reddit.com/r/nba/comments/1q9zqko/giannis_on_the_65game_rule_for_regularseason/nz391a8/,random
nz2qrly,But are there any players that hasn't hit the 65 games threshold but deserved to win the MVP over the MVP of their season?,nba,"Giannis on the 65-game rule for regular-season awards: ""The margin of error is hard. One injury & you're off the race. Jokic, Wemby & myself might not make it. LeBron's not going to make it. I was all for it because it could benefit me at first. As I get older, I'm like 'ah take it off, take it off""",discussion,1,1768178834,https://www.reddit.com/r/nba/comments/1q9zqko/giannis_on_the_65game_rule_for_regularseason/nz2qrly/,random
nz7tn6j,If you can't play 82 games maybe you shouldn't make all that money,nba,"Giannis on the 65-game rule for regular-season awards: ""The margin of error is hard. One injury & you're off the race. Jokic, Wemby & myself might not make it. LeBron's not going to make it. I was all for it because it could benefit me at first. As I get older, I'm like 'ah take it off, take it off""",discussion,1,1768246316,https://www.reddit.com/r/nba/comments/1q9zqko/giannis_on_the_65game_rule_for_regularseason/nz7tn6j/,random
nz09dkz,"I mean height doesn’t really matter, a punch is still going to hurt if it connects. Atm we have no clue what actually happened though",nba,Dennis Schroder subtly admitting to beating up Luka Doncic,discussion,0,1768153573,https://www.reddit.com/r/nba/comments/1q9veud/dennis_schroder_subtly_admitting_to_beating_up/nz09dkz/,random
nz5rgxn,? Have you seen him bumping smaller guards in the paint,nba,Dennis Schroder subtly admitting to beating up Luka Doncic,discussion,0,1768225157,https://www.reddit.com/r/nba/comments/1q9veud/dennis_schroder_subtly_admitting_to_beating_up/nz5rgxn/,random
nyyn34n,No wonder Luka's been struggling lately. He got his ass kicked.,nba,Dennis Schroder subtly admitting to beating up Luka Doncic,discussion,11,1768134731,https://www.reddit.com/r/nba/comments/1q9veud/dennis_schroder_subtly_admitting_to_beating_up/nyyn34n/,random
nyzvk0u,Bro this is an American sports sub. How tough you are depends on the color of your skin. Even if both dudes are from Europe lol,nba,Dennis Schroder subtly admitting to beating up Luka Doncic,discussion,1,1768149645,https://www.reddit.com/r/nba/comments/1q9veud/dennis_schroder_subtly_admitting_to_beating_up/nyzvk0u/,random
nzk4719,"That is fine IF YOU AND THEY are cool with that but you are framing it as if people all have to accept you yelling slurs at them because, well, you like doing it. Context matters. Yelling hateful invective repeatedly at a guy with whom you have a long beef and isnt cool with it isn’t the same as friendly banter with friends. “Fighting words"" are actually a well established exception to First Amendment free speech because we all know that personally abusive slurs are inherently likely to provoke a violent reaction [Chaplinsky(1942)] Try it on a playground. Commit a couple of hard fouls to rile someone up and then yell slurs and personally hateful things at people for the rest of the day or go to a bar and spill a drink on someone and do the same. My guess is 2 of three times you eventually incite a fight and you are a bitch if you act aggrieved when people react when you started it.",nba,Dennis Schroder subtly admitting to beating up Luka Doncic,discussion,0,1768406453,https://www.reddit.com/r/nba/comments/1q9veud/dennis_schroder_subtly_admitting_to_beating_up/nzk4719/,random
nz2yagk,"I mean, he was dumb enough not to sign that contract",nba,Dennis Schroder subtly admitting to beating up Luka Doncic,discussion,1,1768181182,https://www.reddit.com/r/nba/comments/1q9veud/dennis_schroder_subtly_admitting_to_beating_up/nz2yagk/,random
nyz3tsl,because being in the league is “modern slavery”,nba,Dennis Schroder subtly admitting to beating up Luka Doncic,discussion,18,1768141278,https://www.reddit.com/r/nba/comments/1q9veud/dennis_schroder_subtly_admitting_to_beating_up/nyz3tsl/,random
nyzrg04,"When it’s off the court? Yeah, that’s assault, lol.",nba,Dennis Schroder subtly admitting to beating up Luka Doncic,discussion,14,1768148474,https://www.reddit.com/r/nba/comments/1q9veud/dennis_schroder_subtly_admitting_to_beating_up/nyzrg04/,random
nzzhh2j,"I'm surpised the league even allows active players to have one. It seems in some odd ways, a conflict of interest and not good for the league.",nba,"Rich Paul says a 26-year-old LeBron James didn’t have somebody in his locker room who could teach him how to be an NBA champion the way Luka Doncic can learn from LeBron | By the time LeBron was 26, he played with the 3x Finals MVP Shaq, 2006 Finals MVP Dwyane Wade and 2004 NBA Champion Ben Wallace",discussion,1,1768594818,https://www.reddit.com/r/nba/comments/1qa32kj/rich_paul_says_a_26yearold_lebron_james_didnt/nzzhh2j/,random
nz2f8az,He is literally a byproduct of LeBron. He will be irrelevant once LeBron retires,nba,"Rich Paul says a 26-year-old LeBron James didn’t have somebody in his locker room who could teach him how to be an NBA champion the way Luka Doncic can learn from LeBron | By the time LeBron was 26, he played with the 3x Finals MVP Shaq, 2006 Finals MVP Dwyane Wade and 2004 NBA Champion Ben Wallace",discussion,0,1768175370,https://www.reddit.com/r/nba/comments/1qa32kj/rich_paul_says_a_26yearold_lebron_james_didnt/nz2f8az/,random
nz32qak,"> Thank god he’s not with the ringer Um, he is with The Ringer. The podcast we're talking about is literally run by The Ringer: https://www.theringer.com/podcasts/game-over-with-max-kellerman-and-rich-paul",nba,"Rich Paul says a 26-year-old LeBron James didn’t have somebody in his locker room who could teach him how to be an NBA champion the way Luka Doncic can learn from LeBron | By the time LeBron was 26, he played with the 3x Finals MVP Shaq, 2006 Finals MVP Dwyane Wade and 2004 NBA Champion Ben Wallace",discussion,4,1768182593,https://www.reddit.com/r/nba/comments/1qa32kj/rich_paul_says_a_26yearold_lebron_james_didnt/nz32qak/,random
nz3erky,"**The Wire - Welcome to the New Day Co-Op** https://www.youtube.com/watch?v=hGo5bxWy21g ****** Something to remember is Rich Paul ""allegedly"" wrote personal checks to pay for ""supplements"" for LeBron James from Biogenesis. Think about how much of a complete moron you have to be to pay for stuff like that with personal checks. But ""allegedly"" Paul wanted the tax write offs. I knew people in high level media who called Rich Paul as ""Shamrock"" behind his back. I.E. Shamrock from HBO's The Wire, who got yelled at by Stringer Bell for taking meeting minutes from a full blown drug criminal conspiracy.",nba,"Rich Paul says a 26-year-old LeBron James didn’t have somebody in his locker room who could teach him how to be an NBA champion the way Luka Doncic can learn from LeBron | By the time LeBron was 26, he played with the 3x Finals MVP Shaq, 2006 Finals MVP Dwyane Wade and 2004 NBA Champion Ben Wallace",discussion,1,1768186434,https://www.reddit.com/r/nba/comments/1qa32kj/rich_paul_says_a_26yearold_lebron_james_didnt/nz3erky/,random
nz4gyjq,> made his way in life by knowing and buttering up the right people Isn't that exactly what you'd expect from a good agent?,nba,"Rich Paul says a 26-year-old LeBron James didn’t have somebody in his locker room who could teach him how to be an NBA champion the way Luka Doncic can learn from LeBron | By the time LeBron was 26, he played with the 3x Finals MVP Shaq, 2006 Finals MVP Dwyane Wade and 2004 NBA Champion Ben Wallace",discussion,1,1768201974,https://www.reddit.com/r/nba/comments/1qa32kj/rich_paul_says_a_26yearold_lebron_james_didnt/nz4gyjq/,random
nz2elv6,It’s hard to make sense of what rich says about LeBron with lebrons nuts knocking on his throat like a grandfather clock,nba,"Rich Paul says a 26-year-old LeBron James didn’t have somebody in his locker room who could teach him how to be an NBA champion the way Luka Doncic can learn from LeBron | By the time LeBron was 26, he played with the 3x Finals MVP Shaq, 2006 Finals MVP Dwyane Wade and 2004 NBA Champion Ben Wallace",discussion,2,1768175176,https://www.reddit.com/r/nba/comments/1qa32kj/rich_paul_says_a_26yearold_lebron_james_didnt/nz2elv6/,random
nz87yf3,Every game was lost by a basket or two. Yall got swept cause Bron shot like shit,nba,"Rich Paul says a 26-year-old LeBron James didn’t have somebody in his locker room who could teach him how to be an NBA champion the way Luka Doncic can learn from LeBron | By the time LeBron was 26, he played with the 3x Finals MVP Shaq, 2006 Finals MVP Dwyane Wade and 2004 NBA Champion Ben Wallace",discussion,1,1768250316,https://www.reddit.com/r/nba/comments/1qa32kj/rich_paul_says_a_26yearold_lebron_james_didnt/nz87yf3/,random
nz4xs3m,"What makes Rich Paul any less qualified than any other agent in the league? What an idiotic statement lol. He’s not a doctor, he’s a sports agent. None of these guys have any real “qualification”. They all get their jobs through connections and luck.",nba,"Rich Paul says a 26-year-old LeBron James didn’t have somebody in his locker room who could teach him how to be an NBA champion the way Luka Doncic can learn from LeBron | By the time LeBron was 26, he played with the 3x Finals MVP Shaq, 2006 Finals MVP Dwyane Wade and 2004 NBA Champion Ben Wallace",discussion,1,1768211521,https://www.reddit.com/r/nba/comments/1qa32kj/rich_paul_says_a_26yearold_lebron_james_didnt/nz4xs3m/,random
nz2ggo1,"They should call this the same way they call the kickout, name it something like ""exaggerated landing"". IMO it should also be called reckless by the offensive player and be a technical foul, but I doubt the NBA does something like that.",nba,[Highlight] Clowney Jumps 4 Feet into Jaren Jackson Jr and is Awarded a 3 Shot Foul,highlight,2,1768175753,https://www.reddit.com/r/nba/comments/1qacver/highlight_clowney_jumps_4_feet_into_jaren_jackson/nz2ggo1/,random
nz34itk,The jump forward against Luka was far more egregious,nba,[Highlight] Clowney Jumps 4 Feet into Jaren Jackson Jr and is Awarded a 3 Shot Foul,highlight,2,1768183167,https://www.reddit.com/r/nba/comments/1qacver/highlight_clowney_jumps_4_feet_into_jaren_jackson/nz34itk/,random
nz2n0a7,The fuck JJJ needs to do here? He just contested and jumped in place. Stupida fucking game.,nba,[Highlight] Clowney Jumps 4 Feet into Jaren Jackson Jr and is Awarded a 3 Shot Foul,highlight,6,1768177733,https://www.reddit.com/r/nba/comments/1qacver/highlight_clowney_jumps_4_feet_into_jaren_jackson/nz2n0a7/,random
nz2ehh1,Kicking legs forward on a jump shot a la Reggie Miller is an offensive foul. It's up to the refs to call it.,nba,[Highlight] Clowney Jumps 4 Feet into Jaren Jackson Jr and is Awarded a 3 Shot Foul,highlight,7,1768175139,https://www.reddit.com/r/nba/comments/1qacver/highlight_clowney_jumps_4_feet_into_jaren_jackson/nz2ehh1/,random
nz2lyqc,"It certainly isn't as egregious as some of the jumps forward we've seen, but I still don't think *that's* a foul.",nba,[Highlight] Clowney Jumps 4 Feet into Jaren Jackson Jr and is Awarded a 3 Shot Foul,highlight,3,1768177411,https://www.reddit.com/r/nba/comments/1qacver/highlight_clowney_jumps_4_feet_into_jaren_jackson/nz2lyqc/,random
nz2lyra,"That’s a natural shooting motion… he’s running at speed curling into the shot, he’s not going to go straight up and straight down, that’s not how physics work… his jumpshot looked completely natural, JJJ didn’t do anything egregious either but it just so happened his foot was under the landing space.. it’s a foul. It’s really easy to tell who on this sub actually watches basketball and who doesn’t holy shit. There’s also a clear difference between a natural leg kick out vs one that’s clearly trying to draw contact.",nba,[Highlight] Clowney Jumps 4 Feet into Jaren Jackson Jr and is Awarded a 3 Shot Foul,highlight,-3,1768177411,https://www.reddit.com/r/nba/comments/1qacver/highlight_clowney_jumps_4_feet_into_jaren_jackson/nz2lyra/,random
nz2bvqy,The rule should be automatically inapplicable if the defender is still within the 3 pt line.,nba,[Highlight] Clowney Jumps 4 Feet into Jaren Jackson Jr and is Awarded a 3 Shot Foul,highlight,18,1768174334,https://www.reddit.com/r/nba/comments/1qacver/highlight_clowney_jumps_4_feet_into_jaren_jackson/nz2bvqy/,random
nz2pk3m,"Weird how that’s almost exactly like me, except in inches",nba,[Highlight] Clowney Jumps 4 Feet into Jaren Jackson Jr and is Awarded a 3 Shot Foul,highlight,2,1768178488,https://www.reddit.com/r/nba/comments/1qacver/highlight_clowney_jumps_4_feet_into_jaren_jackson/nz2pk3m/,random
o4eq3vc,"fyi, consult is correct in the context he used it in consult is not just asking for advice, or information, but having a discussion with the intent to impart advice or information. an example is GPs/other doctors consult their patients before proceeding",nba,"Yesterday, 11 year NBA vet Pat Connaughton was waived by the Hornets and cleared waivers, signifying the likely end of his career. At one point, the former 4th round MLB draft pick was leaning towards that path, and he has indicated wanting to aim for the MLB after his NBA career ended",discussion,-3,1770630711,https://www.reddit.com/r/nba/comments/1qzk3bu/yesterday_11_year_nba_vet_pat_connaughton_was/o4eq3vc/,random
o4c0fvv,"Flagg and Wemby are essentially stand-ins for an archetype of “highly touted young draft pick/face of the league-type player” There will be multiple players of that ilk between today and fifteen/twenty years from now. Barring the complete collapse of the U.S. economy/civilization, the majority of those players will become billionaires off purely their NBA salary being managed in the market, not to mention the endorsement deals. Sure, some may squander it, but that’s an outlier case.",nba,"Yesterday, 11 year NBA vet Pat Connaughton was waived by the Hornets and cleared waivers, signifying the likely end of his career. At one point, the former 4th round MLB draft pick was leaning towards that path, and he has indicated wanting to aim for the MLB after his NBA career ended",discussion,3,1770590617,https://www.reddit.com/r/nba/comments/1qzk3bu/yesterday_11_year_nba_vet_pat_connaughton_was/o4c0fvv/,random
o4i68hc,Real ones will remember he was an X factor during that bucks championship run. Never looked the same after the bubble,nba,"Yesterday, 11 year NBA vet Pat Connaughton was waived by the Hornets and cleared waivers, signifying the likely end of his career. At one point, the former 4th round MLB draft pick was leaning towards that path, and he has indicated wanting to aim for the MLB after his NBA career ended",discussion,1,1770672744,https://www.reddit.com/r/nba/comments/1qzk3bu/yesterday_11_year_nba_vet_pat_connaughton_was/o4i68hc/,random
o4d6xnu,"The real question is, is he commited to Sparkle Motion?",nba,"Yesterday, 11 year NBA vet Pat Connaughton was waived by the Hornets and cleared waivers, signifying the likely end of his career. At one point, the former 4th round MLB draft pick was leaning towards that path, and he has indicated wanting to aim for the MLB after his NBA career ended",discussion,2,1770604867,https://www.reddit.com/r/nba/comments/1qzk3bu/yesterday_11_year_nba_vet_pat_connaughton_was/o4d6xnu/,random
o4cjsf6,Why would he ask Giannis for advice on real estate?,nba,"Yesterday, 11 year NBA vet Pat Connaughton was waived by the Hornets and cleared waivers, signifying the likely end of his career. At one point, the former 4th round MLB draft pick was leaning towards that path, and he has indicated wanting to aim for the MLB after his NBA career ended",discussion,6,1770597315,https://www.reddit.com/r/nba/comments/1qzk3bu/yesterday_11_year_nba_vet_pat_connaughton_was/o4cjsf6/,random
o4d2ar1,"Lmao, I'm not reveling in ignorance. Everyone knew what I meant. I'm criticizing your annoying and unnecessary pedantry.",nba,"Yesterday, 11 year NBA vet Pat Connaughton was waived by the Hornets and cleared waivers, signifying the likely end of his career. At one point, the former 4th round MLB draft pick was leaning towards that path, and he has indicated wanting to aim for the MLB after his NBA career ended",discussion,-17,1770603460,https://www.reddit.com/r/nba/comments/1qzk3bu/yesterday_11_year_nba_vet_pat_connaughton_was/o4d2ar1/,random
o4divud,I mean theres no shortage of that in the NFL either,nba,"Yesterday, 11 year NBA vet Pat Connaughton was waived by the Hornets and cleared waivers, signifying the likely end of his career. At one point, the former 4th round MLB draft pick was leaning towards that path, and he has indicated wanting to aim for the MLB after his NBA career ended",discussion,5,1770608836,https://www.reddit.com/r/nba/comments/1qzk3bu/yesterday_11_year_nba_vet_pat_connaughton_was/o4divud/,random
o4c3tdl,"I remember him being on the A's because of an NFL thread in which the Raiders' offense was being discussed, and someone said he was the best wide receiver in Oakland.",nba,"Yesterday, 11 year NBA vet Pat Connaughton was waived by the Hornets and cleared waivers, signifying the likely end of his career. At one point, the former 4th round MLB draft pick was leaning towards that path, and he has indicated wanting to aim for the MLB after his NBA career ended",discussion,4,1770591768,https://www.reddit.com/r/nba/comments/1qzk3bu/yesterday_11_year_nba_vet_pat_connaughton_was/o4c3tdl/,random
o4ec312,Did anything happen to him in terms of that investigation about paying him in that endorsement deal?,nba,Kawhi Leonard’s night is done as he continues his top-5 level play this season in a blowout win vs. Minnesota: 34 MINS │ 41 PTS │ 8 REB │ 2 AST │ 4 STL │ 14-30 FG │ 5-11 3P │ 8-10 FT │ +20 +/-,discussion,-1,1770622417,https://www.reddit.com/r/nba/comments/1qzmzdu/kawhi_leonards_night_is_done_as_he_continues_his/o4ec312/,random
o4f4j0l,"47% of the time he's automatic, every time",nba,Kawhi Leonard’s night is done as he continues his top-5 level play this season in a blowout win vs. Minnesota: 34 MINS │ 41 PTS │ 8 REB │ 2 AST │ 4 STL │ 14-30 FG │ 5-11 3P │ 8-10 FT │ +20 +/-,discussion,2,1770638546,https://www.reddit.com/r/nba/comments/1qzmzdu/kawhi_leonards_night_is_done_as_he_continues_his/o4f4j0l/,random
o4e005s,They didn’t want you to witness that beat down,nba,Kawhi Leonard’s night is done as he continues his top-5 level play this season in a blowout win vs. Minnesota: 34 MINS │ 41 PTS │ 8 REB │ 2 AST │ 4 STL │ 14-30 FG │ 5-11 3P │ 8-10 FT │ +20 +/-,discussion,1,1770616069,https://www.reddit.com/r/nba/comments/1qzmzdu/kawhi_leonards_night_is_done_as_he_continues_his/o4e005s/,random
o4dxake,It would be extremely funny if Kawhi got reliably healthy only after the Clipper traded away the rest of the team and embroiled in a cap circumvention screen.,nba,Kawhi Leonard’s night is done as he continues his top-5 level play this season in a blowout win vs. Minnesota: 34 MINS │ 41 PTS │ 8 REB │ 2 AST │ 4 STL │ 14-30 FG │ 5-11 3P │ 8-10 FT │ +20 +/-,discussion,93,1770614787,https://www.reddit.com/r/nba/comments/1qzmzdu/kawhi_leonards_night_is_done_as_he_continues_his/o4dxake/,random
o4gmnel,"It's because of the scandal. Records, games played, everything is an excuse, it's really just about the scandal. Honestly if he's not playing at a near MVP level, just usual Kawhi numbers, Adam Silver probably won't even select him as a backup. Problem is, his numbers are literally too good to ignore.",nba,Kawhi Leonard’s night is done as he continues his top-5 level play this season in a blowout win vs. Minnesota: 34 MINS │ 41 PTS │ 8 REB │ 2 AST │ 4 STL │ 14-30 FG │ 5-11 3P │ 8-10 FT │ +20 +/-,discussion,2,1770656621,https://www.reddit.com/r/nba/comments/1qzmzdu/kawhi_leonards_night_is_done_as_he_continues_his/o4gmnel/,random
o4e1ztx,lol behind Jaylen. Come on. Jaylen is obviously very good. But come on.,nba,Kawhi Leonard’s night is done as he continues his top-5 level play this season in a blowout win vs. Minnesota: 34 MINS │ 41 PTS │ 8 REB │ 2 AST │ 4 STL │ 14-30 FG │ 5-11 3P │ 8-10 FT │ +20 +/-,discussion,8,1770617044,https://www.reddit.com/r/nba/comments/1qzmzdu/kawhi_leonards_night_is_done_as_he_continues_his/o4e1ztx/,random
o4fpj04,lmao youre really saying that shit,nba,Kawhi Leonard’s night is done as he continues his top-5 level play this season in a blowout win vs. Minnesota: 34 MINS │ 41 PTS │ 8 REB │ 2 AST │ 4 STL │ 14-30 FG │ 5-11 3P │ 8-10 FT │ +20 +/-,discussion,1,1770646707,https://www.reddit.com/r/nba/comments/1qzmzdu/kawhi_leonards_night_is_done_as_he_continues_his/o4fpj04/,random
o4e2ere,Why wouldn’t they? We barely have picks till 3031 and he’s playing at an MVP level,nba,Kawhi Leonard’s night is done as he continues his top-5 level play this season in a blowout win vs. Minnesota: 34 MINS │ 41 PTS │ 8 REB │ 2 AST │ 4 STL │ 14-30 FG │ 5-11 3P │ 8-10 FT │ +20 +/-,discussion,12,1770617254,https://www.reddit.com/r/nba/comments/1qzmzdu/kawhi_leonards_night_is_done_as_he_continues_his/o4e2ere/,random
o4eb29p,How could any player not want to go to any of the 30 NBA teams. Behind the scenes all facilities look top notch it must be a privilege.,nba,Anthony Davis arrives to the Wizards locker room,discussion,3,1770621834,https://www.reddit.com/r/nba/comments/1qzi0aw/anthony_davis_arrives_to_the_wizards_locker_room/o4eb29p/,random
o4fmuzv,Telling people they’re degenerates.,nba,Anthony Davis arrives to the Wizards locker room,discussion,2,1770645788,https://www.reddit.com/r/nba/comments/1qzi0aw/anthony_davis_arrives_to_the_wizards_locker_room/o4fmuzv/,random
o4drnuv,They are surprisingly austere for a big market franchise.,nba,Anthony Davis arrives to the Wizards locker room,discussion,1,1770612324,https://www.reddit.com/r/nba/comments/1qzi0aw/anthony_davis_arrives_to_the_wizards_locker_room/o4drnuv/,random
o4el0oh,If Embid managed to some kind of comeback+ being healthy I'm sure AD will have at least 2-3 seasons of really decent basketball,nba,Anthony Davis arrives to the Wizards locker room,discussion,8,1770627638,https://www.reddit.com/r/nba/comments/1qzi0aw/anthony_davis_arrives_to_the_wizards_locker_room/o4el0oh/,random
o4hbenr,I would retire on the spot. Wizards are never going to be a good team,nba,Anthony Davis arrives to the Wizards locker room,discussion,1,1770663625,https://www.reddit.com/r/nba/comments/1qzi0aw/anthony_davis_arrives_to_the_wizards_locker_room/o4hbenr/,random
o4e5pck,Can't wait to see his new fit on the DC bench,nba,Anthony Davis arrives to the Wizards locker room,discussion,1,1770618941,https://www.reddit.com/r/nba/comments/1qzi0aw/anthony_davis_arrives_to_the_wizards_locker_room/o4e5pck/,random
o4my2tk,Bro can wipe his tears with a ring on his hand tho,nba,Anthony Davis arrives to the Wizards locker room,discussion,1,1770740427,https://www.reddit.com/r/nba/comments/1qzi0aw/anthony_davis_arrives_to_the_wizards_locker_room/o4my2tk/,random
o4es723,"I would love it too, but lets be realistically here: AD injury reports are even worse than Embiid's. Also, he is a year older.",nba,Anthony Davis arrives to the Wizards locker room,discussion,2,1770631937,https://www.reddit.com/r/nba/comments/1qzi0aw/anthony_davis_arrives_to_the_wizards_locker_room/o4es723/,random
o4bjsgh,That's a good comp. I feel like Scheierman's game is sort of zen Marcus Smart.,nba,"[Post Game Thread] The New York Knicks (34-19) defeat the Boston Celtics (34-19), 111-89.",post_game,1,1770585480,https://www.reddit.com/r/nba/comments/1qzj5st/post_game_thread_the_new_york_knicks_3419_defeat/o4bjsgh/,random
o4bd26y,Hell yeah two super bowls already this season,nba,"[Post Game Thread] The New York Knicks (34-19) defeat the Boston Celtics (34-19), 111-89.",post_game,2,1770583478,https://www.reddit.com/r/nba/comments/1qzj5st/post_game_thread_the_new_york_knicks_3419_defeat/o4bd26y/,random
o4bipt2,"Nah fr, I was thinking how Tatum would have made everyone’s life on the C’s much easier by drawing doubles and Defending KAT",nba,"[Post Game Thread] The New York Knicks (34-19) defeat the Boston Celtics (34-19), 111-89.",post_game,27,1770585161,https://www.reddit.com/r/nba/comments/1qzj5st/post_game_thread_the_new_york_knicks_3419_defeat/o4bipt2/,random
o4bcxy2,Turns out KAT and Josh Hart are handy players to have available,nba,"[Post Game Thread] The New York Knicks (34-19) defeat the Boston Celtics (34-19), 111-89.",post_game,29,1770583442,https://www.reddit.com/r/nba/comments/1qzj5st/post_game_thread_the_new_york_knicks_3419_defeat/o4bcxy2/,random
o4bsp1c,what even is going on in the east rn,nba,"[Post Game Thread] The New York Knicks (34-19) defeat the Boston Celtics (34-19), 111-89.",post_game,1,1770588142,https://www.reddit.com/r/nba/comments/1qzj5st/post_game_thread_the_new_york_knicks_3419_defeat/o4bsp1c/,random
o4b9kf2,Happy we got Alvarado then,nba,"[Post Game Thread] The New York Knicks (34-19) defeat the Boston Celtics (34-19), 111-89.",post_game,1,1770582417,https://www.reddit.com/r/nba/comments/1qzj5st/post_game_thread_the_new_york_knicks_3419_defeat/o4b9kf2/,random
o4ck7dn,"people are always quiet about Ant Brown and Wemby when they're shit but won't stop saying ""it's time to have a convo"" when they're good. if Shai/Luka/Jokic end with that stat line, they get dragged thru the mud. just proof these guys are not on the same level.",nba,"[Post Game Thread] The New York Knicks (34-19) defeat the Boston Celtics (34-19), 111-89.",post_game,1,1770597447,https://www.reddit.com/r/nba/comments/1qzj5st/post_game_thread_the_new_york_knicks_3419_defeat/o4ck7dn/,random
o4b8io8,"I mean I'm not gonna say brown is better than brunson or vice versa but look at brown's teammates compared to brunson. The celtics have one of the worst, least talented rosters in the league and are the 3 seed. It's incredible what brown and the coaching staff have done with what's essentially a team full of castoffs, inexperienced players, and player's on their last chance to stick in the league",nba,"[Post Game Thread] The New York Knicks (34-19) defeat the Boston Celtics (34-19), 111-89.",post_game,-3,1770582100,https://www.reddit.com/r/nba/comments/1qzj5st/post_game_thread_the_new_york_knicks_3419_defeat/o4b8io8/,random
o4ch4l4,"I know tanking is technically bad, but now that my team is finally doing it I am unusually tuned in and invested in teams like the Clippers winning their way up the ranks. Do your part Clippers, Bucks, Blazers!",nba,"[Post Game Thread] The Los Angeles Clippers (25-27) dismantle the Minnesota Timberwolves (32-22), 115-96 behind Kawhi Leonard’s 41p/8r/2a/4s",post_game,7,1770596442,https://www.reddit.com/r/nba/comments/1qzn5kz/post_game_thread_the_los_angeles_clippers_2527/o4ch4l4/,random
o4fvxsh,Kawhi Leonard did it in a cave with a box of scraps,nba,"[Post Game Thread] The Los Angeles Clippers (25-27) dismantle the Minnesota Timberwolves (32-22), 115-96 behind Kawhi Leonard’s 41p/8r/2a/4s",post_game,2,1770648818,https://www.reddit.com/r/nba/comments/1qzn5kz/post_game_thread_the_los_angeles_clippers_2527/o4fvxsh/,random
o4cq4er,It’ll be interesting to see how this new team does against teams that have historically given us trouble.,nba,"[Post Game Thread] The Los Angeles Clippers (25-27) dismantle the Minnesota Timberwolves (32-22), 115-96 behind Kawhi Leonard’s 41p/8r/2a/4s",post_game,3,1770599436,https://www.reddit.com/r/nba/comments/1qzn5kz/post_game_thread_the_los_angeles_clippers_2527/o4cq4er/,random
o4d7ymc,ACL isn't the same as Achilles btw,nba,"[Post Game Thread] The Los Angeles Clippers (25-27) dismantle the Minnesota Timberwolves (32-22), 115-96 behind Kawhi Leonard’s 41p/8r/2a/4s",post_game,13,1770605216,https://www.reddit.com/r/nba/comments/1qzn5kz/post_game_thread_the_los_angeles_clippers_2527/o4d7ymc/,random
o4coog0,We have 10 but a back-to-back against the Pels and you know how we like to let them win,nba,"[Post Game Thread] The Los Angeles Clippers (25-27) dismantle the Minnesota Timberwolves (32-22), 115-96 behind Kawhi Leonard’s 41p/8r/2a/4s",post_game,7,1770598942,https://www.reddit.com/r/nba/comments/1qzn5kz/post_game_thread_the_los_angeles_clippers_2527/o4coog0/,random
o4e2mb1,No one wanted him this year as trade filler not sure a year later makes any difference. Not worth the risk of keeping his 16m on the books next year. I think clippers have one roster spot left cause Jordan miller wasn’t converted yet.,nba,"[Post Game Thread] The Los Angeles Clippers (25-27) dismantle the Minnesota Timberwolves (32-22), 115-96 behind Kawhi Leonard’s 41p/8r/2a/4s",post_game,1,1770617359,https://www.reddit.com/r/nba/comments/1qzn5kz/post_game_thread_the_los_angeles_clippers_2527/o4e2mb1/,random
o4cbmvi,Chuck is really going through it this season,nba,"[Post Game Thread] The Los Angeles Clippers (25-27) dismantle the Minnesota Timberwolves (32-22), 115-96 behind Kawhi Leonard’s 41p/8r/2a/4s",post_game,15,1770594540,https://www.reddit.com/r/nba/comments/1qzn5kz/post_game_thread_the_los_angeles_clippers_2527/o4cbmvi/,random
o4d38q1,"you can say 2-7. Spurs have not been very consistent either, though we have nice a 4 game streak going currently.",nba,"[Post Game Thread] The Los Angeles Clippers (25-27) dismantle the Minnesota Timberwolves (32-22), 115-96 behind Kawhi Leonard’s 41p/8r/2a/4s",post_game,7,1770603749,https://www.reddit.com/r/nba/comments/1qzn5kz/post_game_thread_the_los_angeles_clippers_2527/o4d38q1/,random
o4fxuye,"# Kuzma belted, “We got a fucking squad now.” And before Giannis hit the locker room door, ex-NBA star Brandon Jennings hugged him & said, “Y’all look so different.”",nba,"[Charania] Free agent guard Cam Thomas has agreed to a deal with the Milwaukee Bucks, his agent Tony Ronzone of Wasserman tells ESPN. Thomas, 24, averaged 21.4 points per game over the last three seasons with the Nets.",news,2,1770649429,https://www.reddit.com/r/nba/comments/1qzm96x/charania_free_agent_guard_cam_thomas_has_agreed/o4fxuye/,random
o4d5l8o,ykw sure whatever I guess this if fine it’s not like we needed someone who can actually play defense,nba,"[Charania] Free agent guard Cam Thomas has agreed to a deal with the Milwaukee Bucks, his agent Tony Ronzone of Wasserman tells ESPN. Thomas, 24, averaged 21.4 points per game over the last three seasons with the Nets.",news,1,1770604452,https://www.reddit.com/r/nba/comments/1qzm96x/charania_free_agent_guard_cam_thomas_has_agreed/o4d5l8o/,random
o4gfo66,We are well into the 'no bad ideas' portion of this crisis.,nba,"[Charania] Free agent guard Cam Thomas has agreed to a deal with the Milwaukee Bucks, his agent Tony Ronzone of Wasserman tells ESPN. Thomas, 24, averaged 21.4 points per game over the last three seasons with the Nets.",news,1,1770654644,https://www.reddit.com/r/nba/comments/1qzm96x/charania_free_agent_guard_cam_thomas_has_agreed/o4gfo66/,random
o4ec8bg,More like 21.4 ppg when available,nba,"[Charania] Free agent guard Cam Thomas has agreed to a deal with the Milwaukee Bucks, his agent Tony Ronzone of Wasserman tells ESPN. Thomas, 24, averaged 21.4 points per game over the last three seasons with the Nets.",news,1,1770622503,https://www.reddit.com/r/nba/comments/1qzm96x/charania_free_agent_guard_cam_thomas_has_agreed/o4ec8bg/,random
ofd5sf4,this is the best comment Ive seen on the sub,nba,"[Charania] Free agent guard Cam Thomas has agreed to a deal with the Milwaukee Bucks, his agent Tony Ronzone of Wasserman tells ESPN. Thomas, 24, averaged 21.4 points per game over the last three seasons with the Nets.",news,1,1775822208,https://www.reddit.com/r/nba/comments/1qzm96x/charania_free_agent_guard_cam_thomas_has_agreed/ofd5sf4/,random
o4l2u5r,"They'll dominate Shaqtin' a Fool highlights after Giannis is traded before the end of next season, maybe even before then.",nba,"[Charania] Free agent guard Cam Thomas has agreed to a deal with the Milwaukee Bucks, his agent Tony Ronzone of Wasserman tells ESPN. Thomas, 24, averaged 21.4 points per game over the last three seasons with the Nets.",news,1,1770713918,https://www.reddit.com/r/nba/comments/1qzm96x/charania_free_agent_guard_cam_thomas_has_agreed/o4l2u5r/,random
o4cyjxg,And why didn't the wizards take him?,nba,"[Charania] Free agent guard Cam Thomas has agreed to a deal with the Milwaukee Bucks, his agent Tony Ronzone of Wasserman tells ESPN. Thomas, 24, averaged 21.4 points per game over the last three seasons with the Nets.",news,1,1770602276,https://www.reddit.com/r/nba/comments/1qzm96x/charania_free_agent_guard_cam_thomas_has_agreed/o4cyjxg/,random
o4f729u,I wonder what the cam kalshi odds were?,nba,"[Charania] Free agent guard Cam Thomas has agreed to a deal with the Milwaukee Bucks, his agent Tony Ronzone of Wasserman tells ESPN. Thomas, 24, averaged 21.4 points per game over the last three seasons with the Nets.",news,1,1770639714,https://www.reddit.com/r/nba/comments/1qzm96x/charania_free_agent_guard_cam_thomas_has_agreed/o4f729u/,random
o4fo5d0,He dribbled then turned https://youtube.com/shorts/cGujDiDumeM?si=p_SfXaH-Q6lt70qJ,nba,"[Highlight] Scottie Barnes looks to the camera after a no call, then gets an open dunk on the next play.",highlight,4,1770646235,https://www.reddit.com/r/nba/comments/1qzmrmk/highlight_scottie_barnes_looks_to_the_camera/o4fo5d0/,random
o4es0pi,"It’s just kinda pointless there, they missed a foul might as well let him have it. also the defense didn’t even come back after that so to call a travel on a wide open dunk is kinda cringe.",nba,"[Highlight] Scottie Barnes looks to the camera after a no call, then gets an open dunk on the next play.",highlight,1,1770631832,https://www.reddit.com/r/nba/comments/1qzmrmk/highlight_scottie_barnes_looks_to_the_camera/o4es0pi/,random
o4htvfm,He just Jimmed the camera,nba,"[Highlight] Scottie Barnes looks to the camera after a no call, then gets an open dunk on the next play.",highlight,1,1770669095,https://www.reddit.com/r/nba/comments/1qzmrmk/highlight_scottie_barnes_looks_to_the_camera/o4htvfm/,random
o4g1y72,I saw an offensive push off and a defender go straight up.,nba,"[Highlight] Scottie Barnes looks to the camera after a no call, then gets an open dunk on the next play.",highlight,-2,1770650680,https://www.reddit.com/r/nba/comments/1qzmrmk/highlight_scottie_barnes_looks_to_the_camera/o4g1y72/,random
o4fodep,https://youtube.com/shorts/cGujDiDumeM?si=p_SfXaH-Q6lt70qJ,nba,"[Highlight] Scottie Barnes looks to the camera after a no call, then gets an open dunk on the next play.",highlight,8,1770646313,https://www.reddit.com/r/nba/comments/1qzmrmk/highlight_scottie_barnes_looks_to_the_camera/o4fodep/,random
o4drr31,All-time Ball Don't Lie moment,nba,"[Highlight] Scottie Barnes looks to the camera after a no call, then gets an open dunk on the next play.",highlight,4,1770612362,https://www.reddit.com/r/nba/comments/1qzmrmk/highlight_scottie_barnes_looks_to_the_camera/o4drr31/,random
o4fgaws,"Hot take? if the ball crosses the mid line and you haven't, you shouldn't be eligible to score till you cross back onto your own field. IDK Basketball requires some sort of offside rule because this just rewards being a baby and not playing D",nba,"[Highlight] Scottie Barnes looks to the camera after a no call, then gets an open dunk on the next play.",highlight,-6,1770643454,https://www.reddit.com/r/nba/comments/1qzmrmk/highlight_scottie_barnes_looks_to_the_camera/o4fgaws/,random
o4hmthg,Mf broke the 4th Wall on live tv,nba,"[Highlight] Scottie Barnes looks to the camera after a no call, then gets an open dunk on the next play.",highlight,2,1770666950,https://www.reddit.com/r/nba/comments/1qzmrmk/highlight_scottie_barnes_looks_to_the_camera/o4hmthg/,random
o9gv8ld,Strahinja kicks your ass if you don’t write well about his bfother,nba,"Luka Doncic in the win: 35 PTS, 8 REB, 4 AST, 2 STL, 60% TS, +14",discussion,1,1773053989,https://www.reddit.com/r/nba/comments/1roi6t3/luka_doncic_in_the_win_35_pts_8_reb_4_ast_2_stl/o9gv8ld/,random
o9fmqi6,"He is great, but I mean he took 41 shots today lol",nba,"Luka Doncic in the win: 35 PTS, 8 REB, 4 AST, 2 STL, 60% TS, +14",discussion,-3,1773029183,https://www.reddit.com/r/nba/comments/1roi6t3/luka_doncic_in_the_win_35_pts_8_reb_4_ast_2_stl/o9fmqi6/,random
o9gncax,What a ridiculous thing to say lol,nba,"Luka Doncic in the win: 35 PTS, 8 REB, 4 AST, 2 STL, 60% TS, +14",discussion,2,1773049769,https://www.reddit.com/r/nba/comments/1roi6t3/luka_doncic_in_the_win_35_pts_8_reb_4_ast_2_stl/o9gncax/,random
o9f2o6g,Oh stfu LeBron is not the problem and has on multiple occasions been the best player in this team,nba,"Luka Doncic in the win: 35 PTS, 8 REB, 4 AST, 2 STL, 60% TS, +14",discussion,4,1773021137,https://www.reddit.com/r/nba/comments/1roi6t3/luka_doncic_in_the_win_35_pts_8_reb_4_ast_2_stl/o9f2o6g/,random
o9eyvi9,Jokic has historically had weak teams and the Nuggets have had pretty awful injury luck in general. Jokic is the Lakers' father.,nba,"Luka Doncic in the win: 35 PTS, 8 REB, 4 AST, 2 STL, 60% TS, +14",discussion,-2,1773019719,https://www.reddit.com/r/nba/comments/1roi6t3/luka_doncic_in_the_win_35_pts_8_reb_4_ast_2_stl/o9eyvi9/,random
o9ia7el,"My boy, your team got molly wopped by this trash Lakers team and somehow the 3rd seed in the east. Position in the east means nothing. Cade isn’t a better player than Luka this season. We can talk about seeding if it was close, but he’s nowhere near the player Luka is THIS SEASON.",nba,"Luka Doncic in the win: 35 PTS, 8 REB, 4 AST, 2 STL, 60% TS, +14",discussion,-1,1773072246,https://www.reddit.com/r/nba/comments/1roi6t3/luka_doncic_in_the_win_35_pts_8_reb_4_ast_2_stl/o9ia7el/,random
o9m78yv,"Except they have a positive rating when he’s with the bench, or with Luka or Reaves. Put all three together, and they don’t work. Ant and Brown are net negatives to their respective teams, but the numbers don’t tell the whole story.",nba,"Luka Doncic in the win: 35 PTS, 8 REB, 4 AST, 2 STL, 60% TS, +14",discussion,1,1773117337,https://www.reddit.com/r/nba/comments/1roi6t3/luka_doncic_in_the_win_35_pts_8_reb_4_ast_2_stl/o9m78yv/,random
o9f30bn,Hey they traded for a guy a while ago who's historically been good for like 12 boards a night forever when he was on the Mavs. Why don't they make that guy grab rebounds fulltime and let Ayton run the offense from the post?? Feels genius to me idk,nba,"Luka Doncic in the win: 35 PTS, 8 REB, 4 AST, 2 STL, 60% TS, +14",discussion,1,1773021263,https://www.reddit.com/r/nba/comments/1roi6t3/luka_doncic_in_the_win_35_pts_8_reb_4_ast_2_stl/o9f30bn/,random
o9dq5cj,He folded like a lawn chair during that apology tour after the club incident. You can agree with what he says but it means fuck all if he’s a gigantic pussy,nba,Michael Porter Jr says Jokic is his GOAT,discussion,4,1773004522,https://www.reddit.com/r/nba/comments/1rodjym/michael_porter_jr_says_jokic_is_his_goat/o9dq5cj/,random
o9dy5uf,Maybe he is? Not entirely sure but its sure not stopping him from flying around the world and do what he is always been doing. Influencer boxing in Dubai and going on podcasts in the states. So if he is wanted by 2 countries they sure as shit are not enforcing it.,nba,Michael Porter Jr says Jokic is his GOAT,discussion,-25,1773007041,https://www.reddit.com/r/nba/comments/1rodjym/michael_porter_jr_says_jokic_is_his_goat/o9dy5uf/,random
o9dyo10,My guy I don’t think you have any reading comprehension since the only thing you picked up on so far is being called a nerd. You really need help and I’m sorry about it but don’t use Andrew Tate as your therapist anymore. It’s not healthy and you’re obviously unwell.,nba,Michael Porter Jr says Jokic is his GOAT,discussion,2,1773007201,https://www.reddit.com/r/nba/comments/1rodjym/michael_porter_jr_says_jokic_is_his_goat/o9dyo10/,random
o9dnns8,"I do, actually. And the fact that the closest you’ve gotten to sex is riding Andrew Tate’s dick is a pretty good indicator that you are one.",nba,Michael Porter Jr says Jokic is his GOAT,discussion,24,1773003730,https://www.reddit.com/r/nba/comments/1rodjym/michael_porter_jr_says_jokic_is_his_goat/o9dnns8/,random
o9dvhet,"Yeah, that's why Horry is better than MJ 7 > 6",nba,Michael Porter Jr says Jokic is his GOAT,discussion,0,1773006200,https://www.reddit.com/r/nba/comments/1rodjym/michael_porter_jr_says_jokic_is_his_goat/o9dvhet/,random
o9dpkc5,In the words of some hacker you mean?,nba,Michael Porter Jr says Jokic is his GOAT,discussion,1,1773004335,https://www.reddit.com/r/nba/comments/1rodjym/michael_porter_jr_says_jokic_is_his_goat/o9dpkc5/,random
o9dwwbw,Surrounding yourself with opinions traffickers and “alphas” and thinking you’re superior lmfao you fuckin nerd,nba,Michael Porter Jr says Jokic is his GOAT,discussion,2,1773006643,https://www.reddit.com/r/nba/comments/1rodjym/michael_porter_jr_says_jokic_is_his_goat/o9dwwbw/,random
o9fdndp,"Male loneliness epidemic victim spotted. You've been so alone for so long, you can't even pretend to be a happy well adjusted person. Everybody can tell youre a miserable weirdo, you dont even seem too convinced by your lies ""I don’t obsess over politics and am quite happy"" Do you really think anyone would buy this shit? Embarrassing. If you had literally one friend you would know this is cringey insecure posturing",nba,Michael Porter Jr says Jokic is his GOAT,discussion,3,1773025326,https://www.reddit.com/r/nba/comments/1rodjym/michael_porter_jr_says_jokic_is_his_goat/o9fdndp/,random
o9d7s1j,Bruh spurs haven’t played one playoff game in 5 years chill,nba,"Dillon Brooks wants to face the Timberwolves in the playoffs: ""If they run into us it's going to be problems. We have their number.""",discussion,-3,1772998738,https://www.reddit.com/r/nba/comments/1rodqym/dillon_brooks_wants_to_face_the_timberwolves_in/o9d7s1j/,random
o9d6nh1,OKC has no competition so far from what we have seen,nba,"Dillon Brooks wants to face the Timberwolves in the playoffs: ""If they run into us it's going to be problems. We have their number.""",discussion,-9,1772998381,https://www.reddit.com/r/nba/comments/1rodqym/dillon_brooks_wants_to_face_the_timberwolves_in/o9d6nh1/,random
o9dalxi,"The number he is referring to is 911, because they will need it after losing the series",nba,"Dillon Brooks wants to face the Timberwolves in the playoffs: ""If they run into us it's going to be problems. We have their number.""",discussion,1,1772999619,https://www.reddit.com/r/nba/comments/1rodqym/dillon_brooks_wants_to_face_the_timberwolves_in/o9dalxi/,random
o9db5pe,"if ant went for 40 in both games shooting a combined 64% while devin booker shot a tour date in one game and missed the other, surely the wolves won those games right?",nba,"Dillon Brooks wants to face the Timberwolves in the playoffs: ""If they run into us it's going to be problems. We have their number.""",discussion,-1,1772999788,https://www.reddit.com/r/nba/comments/1rodqym/dillon_brooks_wants_to_face_the_timberwolves_in/o9db5pe/,random
o9f2bs9,You guys 3-0 both OKC & the spurs? Wolves are 2-1 in both,nba,"Dillon Brooks wants to face the Timberwolves in the playoffs: ""If they run into us it's going to be problems. We have their number.""",discussion,1,1773021008,https://www.reddit.com/r/nba/comments/1rodqym/dillon_brooks_wants_to_face_the_timberwolves_in/o9f2bs9/,random
o9gsy6f,"38 year old LeBron knocked him out of the playoffs and off the grizzlies, took him 2 years in Houston to get his reputation back. A regular season game or two isnt making up for that",nba,"Dillon Brooks wants to face the Timberwolves in the playoffs: ""If they run into us it's going to be problems. We have their number.""",discussion,9,1773052816,https://www.reddit.com/r/nba/comments/1rodqym/dillon_brooks_wants_to_face_the_timberwolves_in/o9gsy6f/,random
o9ddqz1,He’s young Sally and humble. Idiotic comparison. Try harder and be happier. Werdo.,nba,"Dillon Brooks wants to face the Timberwolves in the playoffs: ""If they run into us it's going to be problems. We have their number.""",discussion,-3,1773000594,https://www.reddit.com/r/nba/comments/1rodqym/dillon_brooks_wants_to_face_the_timberwolves_in/o9ddqz1/,random
o9iq1t0,Are the reigning eastern champ pacers a top team right now?,nba,"Dillon Brooks wants to face the Timberwolves in the playoffs: ""If they run into us it's going to be problems. We have their number.""",discussion,1,1773076724,https://www.reddit.com/r/nba/comments/1rodqym/dillon_brooks_wants_to_face_the_timberwolves_in/o9iq1t0/,random
o9ff8it,The Knicks are so bad to lose to these trash Lakers lol,nba,"[Post Game Thread] The Los Angeles Lakers (38-25) defeat the New York Knicks (41-23), 110-97.",post_game,-1,1773025968,https://www.reddit.com/r/nba/comments/1roiayc/post_game_thread_the_los_angeles_lakers_3825/o9ff8it/,random
o9eod0i,False hope. A Lakers story,nba,"[Post Game Thread] The Los Angeles Lakers (38-25) defeat the New York Knicks (41-23), 110-97.",post_game,-2,1773015962,https://www.reddit.com/r/nba/comments/1roiayc/post_game_thread_the_los_angeles_lakers_3825/o9eod0i/,random
o9eikff,His lows just looks awful since he gives up plus complain all the time but ppl overtalk about his defence so fucking much its insane. No Lakers defence isnt awful because of him they just one of the least athletic team im entire league. People were saying Smart kinda washed and he is this team best defender :p,nba,"[Post Game Thread] The Los Angeles Lakers (38-25) defeat the New York Knicks (41-23), 110-97.",post_game,22,1773013919,https://www.reddit.com/r/nba/comments/1roiayc/post_game_thread_the_los_angeles_lakers_3825/o9eikff/,random
o9estw4,"He’s also taller; the trio of Luka, AR and Luke aren’t good or athletic defenders, but they’re smart and can certainly played next to each other since they’re all fairly taller guards. Gabe was unplayable next to them. If he was like 6’4-6’5”, he’d probably have been fine.",nba,"[Post Game Thread] The Los Angeles Lakers (38-25) defeat the New York Knicks (41-23), 110-97.",post_game,42,1773017524,https://www.reddit.com/r/nba/comments/1roiayc/post_game_thread_the_los_angeles_lakers_3825/o9estw4/,random
o9fnahm,"Lukas defense has been over hated for a while now cus of the viral lowlights, and on top of that a single guard is never the reason for a teams defensive successes or failures",nba,"[Post Game Thread] The Los Angeles Lakers (38-25) defeat the New York Knicks (41-23), 110-97.",post_game,1,1773029433,https://www.reddit.com/r/nba/comments/1roiayc/post_game_thread_the_los_angeles_lakers_3825/o9fnahm/,random
o9ef1e9,Luka fell into his lap are we pretending it was a Pelinka masterstroke,nba,"[Post Game Thread] The Los Angeles Lakers (38-25) defeat the New York Knicks (41-23), 110-97.",post_game,-7,1773012677,https://www.reddit.com/r/nba/comments/1roiayc/post_game_thread_the_los_angeles_lakers_3825/o9ef1e9/,random
o9ecof5,JJ will never do it but the lakers would be more dangerous in the playoffs if lebron played less or none at all. Just say his sciatica flared up again lmao,nba,"[Post Game Thread] The Los Angeles Lakers (38-25) defeat the New York Knicks (41-23), 110-97.",post_game,3,1773011848,https://www.reddit.com/r/nba/comments/1roiayc/post_game_thread_the_los_angeles_lakers_3825/o9ecof5/,random
o9ek8b6,We lost so I’m gonna go ahead and flex our previous wins Fixed it for you,nba,"[Post Game Thread] The Los Angeles Lakers (38-25) defeat the New York Knicks (41-23), 110-97.",post_game,0,1773014504,https://www.reddit.com/r/nba/comments/1roiayc/post_game_thread_the_los_angeles_lakers_3825/o9ek8b6/,random
o9dktjh,"Very hyped that we pulled this out, we probably blow this game last year and especially pre-2024",nba,"[Post Game Thread] The Boston Celtics (43-21) defeat the Cleveland Cavaliers (39-25), 109-98.",post_game,1,1773002834,https://www.reddit.com/r/nba/comments/1roe2oc/post_game_thread_the_boston_celtics_4321_defeat/o9dktjh/,random
o9df2st,"A good GM is worth more than that. Kind of priceless, unless you have some sure thing waiting in the wings. Like - Stevens could do this job for another 20+ years. Those 3-4 picks might turn into one All Star if you’re lucky. In 10 years when the franchise is struggling because of a shitty GM while the new Stevens team is contending, everybody will have extreme regrets.",nba,"[Post Game Thread] The Boston Celtics (43-21) defeat the Cleveland Cavaliers (39-25), 109-98.",post_game,22,1773001014,https://www.reddit.com/r/nba/comments/1roe2oc/post_game_thread_the_boston_celtics_4321_defeat/o9df2st/,random
o9dpg9z,We gotta stick it to that smug MFer Luke. Can't let him give that Kornball smile after beating us!,nba,"[Post Game Thread] The Boston Celtics (43-21) defeat the Cleveland Cavaliers (39-25), 109-98.",post_game,3,1773004300,https://www.reddit.com/r/nba/comments/1roe2oc/post_game_thread_the_boston_celtics_4321_defeat/o9dpg9z/,random
o9dn9ji,I mean they didn’t overcome it though,nba,"[Post Game Thread] The Boston Celtics (43-21) defeat the Cleveland Cavaliers (39-25), 109-98.",post_game,2,1773003605,https://www.reddit.com/r/nba/comments/1roe2oc/post_game_thread_the_boston_celtics_4321_defeat/o9dn9ji/,random
o9dnq1g,"What's crazy with Mobley is that we have absolutely no answer for him when he chooses to fuck us up. It just seems he can't do it for long stretches. In 2024 in the playoffs, he was making me a bit nervous because he was fucking dominating but the team just didn't have enough around him and he couldn't maintain it for long enough stretches.",nba,"[Post Game Thread] The Boston Celtics (43-21) defeat the Cleveland Cavaliers (39-25), 109-98.",post_game,25,1773003750,https://www.reddit.com/r/nba/comments/1roe2oc/post_game_thread_the_boston_celtics_4321_defeat/o9dnq1g/,random
o9drgtr,"The way Garza has been playing, I wouldn't make that trade again. Vuc has been awful and now he's out for a month.",nba,"[Post Game Thread] The Boston Celtics (43-21) defeat the Cleveland Cavaliers (39-25), 109-98.",post_game,0,1773004944,https://www.reddit.com/r/nba/comments/1roe2oc/post_game_thread_the_boston_celtics_4321_defeat/o9drgtr/,random
o9iknuq,Good seing Tatum back man. I wish him nothing but the best. He still makes me mad when he fucks on my team but its overshadowed by a good recovery. I hope he stays healthy for the rest of his career,nba,"[Post Game Thread] The Boston Celtics (43-21) defeat the Cleveland Cavaliers (39-25), 109-98.",post_game,1,1773075204,https://www.reddit.com/r/nba/comments/1roe2oc/post_game_thread_the_boston_celtics_4321_defeat/o9iknuq/,random
o9ddb1c,"fuck it, im shipping off half of the city property if im the mayor",nba,"[Post Game Thread] The Boston Celtics (43-21) defeat the Cleveland Cavaliers (39-25), 109-98.",post_game,8,1773000455,https://www.reddit.com/r/nba/comments/1roe2oc/post_game_thread_the_boston_celtics_4321_defeat/o9ddb1c/,random
o9cvrcn,I wonder if you gave Lebron truth serum if he would admit that he should have retired after Bronny’s first year.,nba,[Haynes] Los Angeles Lakers star LeBron James (left elbow contusion; left foot arthritis) is out today against the New York Knicks.,news,-3,1772995040,https://www.reddit.com/r/nba/comments/1roc68l/haynes_los_angeles_lakers_star_lebron_james_left/o9cvrcn/,random
o9d767m,Yeah cuz jokic almost snapped his elbow in two,nba,[Haynes] Los Angeles Lakers star LeBron James (left elbow contusion; left foot arthritis) is out today against the New York Knicks.,news,0,1772998546,https://www.reddit.com/r/nba/comments/1roc68l/haynes_los_angeles_lakers_star_lebron_james_left/o9d767m/,random
o9ctj4q,No LeBron means we win today,nba,[Haynes] Los Angeles Lakers star LeBron James (left elbow contusion; left foot arthritis) is out today against the New York Knicks.,news,9,1772994366,https://www.reddit.com/r/nba/comments/1roc68l/haynes_los_angeles_lakers_star_lebron_james_left/o9ctj4q/,random
o9db596,You could just as easily say that Wemby clearly isn’t in pain lol after a moment he gets up like nothing happened,nba,[Haynes] Los Angeles Lakers star LeBron James (left elbow contusion; left foot arthritis) is out today against the New York Knicks.,news,9,1772999784,https://www.reddit.com/r/nba/comments/1roc68l/haynes_los_angeles_lakers_star_lebron_james_left/o9db596/,random
o9cynnt,Do they really play better without him?,nba,[Haynes] Los Angeles Lakers star LeBron James (left elbow contusion; left foot arthritis) is out today against the New York Knicks.,news,3,1772995914,https://www.reddit.com/r/nba/comments/1roc68l/haynes_los_angeles_lakers_star_lebron_james_left/o9cynnt/,random
o9g6an3,"Eh. His 3-point shooting has dropped off a cliff, but I'm not sure how you can say that someone who is shooting 50% from the field has dropped off a cliff across the board.",nba,[Haynes] Los Angeles Lakers star LeBron James (left elbow contusion; left foot arthritis) is out today against the New York Knicks.,news,1,1773039492,https://www.reddit.com/r/nba/comments/1roc68l/haynes_los_angeles_lakers_star_lebron_james_left/o9g6an3/,random
o9fgjxc,that they got another win without Lebron lol,nba,[Haynes] Los Angeles Lakers star LeBron James (left elbow contusion; left foot arthritis) is out today against the New York Knicks.,news,1,1773026511,https://www.reddit.com/r/nba/comments/1roc68l/haynes_los_angeles_lakers_star_lebron_james_left/o9fgjxc/,random
o9cwv6b,"I was watching that game in person in Denver, from my angle that shit looked terrible. Just straight slammed his elbow on the court after coming down from midair.",nba,[Haynes] Los Angeles Lakers star LeBron James (left elbow contusion; left foot arthritis) is out today against the New York Knicks.,news,5,1772995375,https://www.reddit.com/r/nba/comments/1roc68l/haynes_los_angeles_lakers_star_lebron_james_left/o9cwv6b/,random
o9e3ndr,Lakers are now tied with the media darling Jokic led Nuggets while Luka is averaging 33-8-8 on great efficiency and played more games than Jokic yet he’s fighting for 1st team and Jokic is borderline MVP. Makes no sense especially since Jokic has almost all the same flaws as Luka. Obviously Jokic has better efficiency and rebounding / assists but the gap shouldn’t be as big as it is. Just like in 2024 Neither should be in Cade/Brown talks. SGA is the runaway IMO rn and then Jokic and Luka,nba,[Highlight] Luka sinks the dagger 3 from deep,highlight,56,1773008814,https://www.reddit.com/r/nba/comments/1roi6pa/highlight_luka_sinks_the_dagger_3_from_deep/o9e3ndr/,random
o9e1u9i,❌ open 3 from your two best shooters ✅ deep 3 from Luka,nba,[Highlight] Luka sinks the dagger 3 from deep,highlight,90,1773008224,https://www.reddit.com/r/nba/comments/1roi6pa/highlight_luka_sinks_the_dagger_3_from_deep/o9e1u9i/,random
o9e1lnn,Our defense was actually pretty good this game,nba,[Highlight] Luka sinks the dagger 3 from deep,highlight,63,1773008147,https://www.reddit.com/r/nba/comments/1roi6pa/highlight_luka_sinks_the_dagger_3_from_deep/o9e1lnn/,random
o9e1yqv,How does this team own the Raptors?,nba,[Highlight] Luka sinks the dagger 3 from deep,highlight,1,1773008265,https://www.reddit.com/r/nba/comments/1roi6pa/highlight_luka_sinks_the_dagger_3_from_deep/o9e1yqv/,random
o9e180e,Annoying game from this team,nba,[Highlight] Luka sinks the dagger 3 from deep,highlight,16,1773008025,https://www.reddit.com/r/nba/comments/1roi6pa/highlight_luka_sinks_the_dagger_3_from_deep/o9e180e/,random
o9ekvie,We just call any shot in the 4th quarter a dagger now huh,nba,[Highlight] Luka sinks the dagger 3 from deep,highlight,0,1773014734,https://www.reddit.com/r/nba/comments/1roi6pa/highlight_luka_sinks_the_dagger_3_from_deep/o9ekvie/,random
o9e26ts,"Knicks might be in trouble. When you can't beat the team that can't beat anyone above .500, you're in trouble.",nba,[Highlight] Luka sinks the dagger 3 from deep,highlight,4,1773008337,https://www.reddit.com/r/nba/comments/1roi6pa/highlight_luka_sinks_the_dagger_3_from_deep/o9e26ts/,random
o9eagvi,“Why would you do tha—- t’s my GOAT!”,nba,[Highlight] Luka sinks the dagger 3 from deep,highlight,8,1773011088,https://www.reddit.com/r/nba/comments/1roi6pa/highlight_luka_sinks_the_dagger_3_from_deep/o9eagvi/,random
ofuv8wd,"Once again, I didn’t start with the sissy fit. Keep yapping in my mentions tho",nba,Spurs will be the first team in NBA history to have 8 players average 10+ PPG if Harrison Barnes scores 17 points tonight vs Denver,discussion,1,1776042716,https://www.reddit.com/r/nba/comments/1sjk1r9/spurs_will_be_the_first_team_in_nba_history_to/ofuv8wd/,random
ofsxzq4,"What were the dinosaurs like, unc?",nba,Spurs will be the first team in NBA history to have 8 players average 10+ PPG if Harrison Barnes scores 17 points tonight vs Denver,discussion,83,1776020676,https://www.reddit.com/r/nba/comments/1sjk1r9/spurs_will_be_the_first_team_in_nba_history_to/ofsxzq4/,random
ofsn2ll,"In the most unc fashion possible. He took a nap, slept wrong and woke up with a sore ankle LMAO",nba,Spurs will be the first team in NBA history to have 8 players average 10+ PPG if Harrison Barnes scores 17 points tonight vs Denver,discussion,37,1776017608,https://www.reddit.com/r/nba/comments/1sjk1r9/spurs_will_be_the_first_team_in_nba_history_to/ofsn2ll/,random
oftv4xx,He could if he scores every point.. for both teams.,nba,Spurs will be the first team in NBA history to have 8 players average 10+ PPG if Harrison Barnes scores 17 points tonight vs Denver,discussion,5,1776030472,https://www.reddit.com/r/nba/comments/1sjk1r9/spurs_will_be_the_first_team_in_nba_history_to/oftv4xx/,random
oft3j74,Spurs have 7-8 eligible players… plenty of teams have had over 8 if you count every player who played 20 games or was on the roster at some point in the season.,nba,Spurs will be the first team in NBA history to have 8 players average 10+ PPG if Harrison Barnes scores 17 points tonight vs Denver,discussion,2,1776022258,https://www.reddit.com/r/nba/comments/1sjk1r9/spurs_will_be_the_first_team_in_nba_history_to/oft3j74/,random
oftvhyl,He also played college ball for UNC lol,nba,Spurs will be the first team in NBA history to have 8 players average 10+ PPG if Harrison Barnes scores 17 points tonight vs Denver,discussion,2,1776030583,https://www.reddit.com/r/nba/comments/1sjk1r9/spurs_will_be_the_first_team_in_nba_history_to/oftvhyl/,random
ofsv400,Yh we have 7 with Ayo as well but he doesn’t count,nba,Spurs will be the first team in NBA history to have 8 players average 10+ PPG if Harrison Barnes scores 17 points tonight vs Denver,discussion,1,1776019868,https://www.reddit.com/r/nba/comments/1sjk1r9/spurs_will_be_the_first_team_in_nba_history_to/ofsv400/,random
oft1zbe,"Yes, Barnes wasn’t the worst offender in this case.",nba,Spurs will be the first team in NBA history to have 8 players average 10+ PPG if Harrison Barnes scores 17 points tonight vs Denver,discussion,3,1776021818,https://www.reddit.com/r/nba/comments/1sjk1r9/spurs_will_be_the_first_team_in_nba_history_to/oft1zbe/,random
ogeqdrh,They'd also need a 12 ref rotation,nba,"If you clone every player to create their own 12 man roster, which player would make the best team?",discussion,1,1776289414,https://www.reddit.com/r/nba/comments/1sjs06h/if_you_clone_every_player_to_create_their_own_12/ogeqdrh/,random
ofvco5z,Id have 12 Wembys beating 12 prime Lebrons. Lebron would be the closest in completion to him with KD coming in second.,nba,"If you clone every player to create their own 12 man roster, which player would make the best team?",discussion,1,1776049022,https://www.reddit.com/r/nba/comments/1sjs06h/if_you_clone_every_player_to_create_their_own_12/ofvco5z/,random
ojaxa96,You think 5 prime LeBron beat 5 today Wemby? 🤔,nba,"If you clone every player to create their own 12 man roster, which player would make the best team?",discussion,1,1777636272,https://www.reddit.com/r/nba/comments/1sjs06h/if_you_clone_every_player_to_create_their_own_12/ojaxa96/,random
ofv9p6g,12 prime Shaqs would be fun.,nba,"If you clone every player to create their own 12 man roster, which player would make the best team?",discussion,1,1776047922,https://www.reddit.com/r/nba/comments/1sjs06h/if_you_clone_every_player_to_create_their_own_12/ofv9p6g/,random
og4fom9,lol whatever you say buddy! “Dur Dur where do you find on/off on bball ref”,nba,"If you clone every player to create their own 12 man roster, which player would make the best team?",discussion,1,1776170825,https://www.reddit.com/r/nba/comments/1sjs06h/if_you_clone_every_player_to_create_their_own_12/og4fom9/,random
ofvyb09,12 giannis antetokounmpos would be a nightmare,nba,"If you clone every player to create their own 12 man roster, which player would make the best team?",discussion,1,1776058422,https://www.reddit.com/r/nba/comments/1sjs06h/if_you_clone_every_player_to_create_their_own_12/ofvyb09/,random
og0g6t7,"Yeah, especially if he gets to use Jordan rules.",nba,"If you clone every player to create their own 12 man roster, which player would make the best team?",discussion,1,1776113897,https://www.reddit.com/r/nba/comments/1sjs06h/if_you_clone_every_player_to_create_their_own_12/og0g6t7/,random
og7la7j,Are we pretending that KD is some ball hog? He's always been a team player and is a great playmaker.,nba,"If you clone every player to create their own 12 man roster, which player would make the best team?",discussion,1,1776201788,https://www.reddit.com/r/nba/comments/1sjs06h/if_you_clone_every_player_to_create_their_own_12/og7la7j/,random
ofspcrs,…from Kings fans who didn’t want to admit their team got fleeced.,nba,[Amick] Sacramento Kings expected to retain head coach Doug Christie: Sources,discussion,7,1776018247,https://www.reddit.com/r/nba/comments/1sjiwnb/amick_sacramento_kings_expected_to_retain_head/ofspcrs/,random
ofu4kyc,> If they had just surrounded Sabonis with 3+D players Then you now have a 1st round exit team at best,nba,[Amick] Sacramento Kings expected to retain head coach Doug Christie: Sources,discussion,2,1776033489,https://www.reddit.com/r/nba/comments/1sjiwnb/amick_sacramento_kings_expected_to_retain_head/ofu4kyc/,random
ofsuudx,"I love Sabonis, but you can't claim hindsight bias when most people thought that it was a stupid trade right away",nba,[Amick] Sacramento Kings expected to retain head coach Doug Christie: Sources,discussion,9,1776019793,https://www.reddit.com/r/nba/comments/1sjiwnb/amick_sacramento_kings_expected_to_retain_head/ofsuudx/,random
ofssthv,I said fan favorite. Nobody is hated more in sac. Well maybe Vivek.,nba,[Amick] Sacramento Kings expected to retain head coach Doug Christie: Sources,discussion,6,1776019222,https://www.reddit.com/r/nba/comments/1sjiwnb/amick_sacramento_kings_expected_to_retain_head/ofssthv/,random
ofw6nur,Getting a little worried looking at the Wizards. They’ve been talking to cooler kids recently.,nba,[Amick] Sacramento Kings expected to retain head coach Doug Christie: Sources,discussion,1,1776062650,https://www.reddit.com/r/nba/comments/1sjiwnb/amick_sacramento_kings_expected_to_retain_head/ofw6nur/,random
ofu70yk,"Naw, the Kings have tanked his value so much he can be a legit #2 on a team that is built with him in mind.",nba,[Amick] Sacramento Kings expected to retain head coach Doug Christie: Sources,discussion,1,1776034309,https://www.reddit.com/r/nba/comments/1sjiwnb/amick_sacramento_kings_expected_to_retain_head/ofu70yk/,random
ofsocx7,"Here's a few things from a Kings fan that lives in Sacramento. The Kings aren't doing this because they want to tank. Vivek has never tanked. He's just the type that thinks he's smarter than everyone else. He genuinely thinks this team's failure this year was due to injuries. He's also been grooming Doug to be the head coach for years. He was the one guy that was forced onto Mike Brown's staff (Doug was a player development coach under Alvin Gentry). The Kings aren't even ready to tank. They have too big of a salary commitment and unmovable contracts, so they can't trade for bad contracts and stock up on picks. Hell, next year they might actually get some good play too since most of the vets will be on a contract year and will be trying to get one last payday. After next year is when they will be in position to tank, but by then, the NBA will basically remove any advantage of that strategy. So basically, the Kings will continue to make the 7 - 11 picks in the NBA draft.",nba,[Amick] Sacramento Kings expected to retain head coach Doug Christie: Sources,discussion,8,1776017968,https://www.reddit.com/r/nba/comments/1sjiwnb/amick_sacramento_kings_expected_to_retain_head/ofsocx7/,random
ofuqs3l,I live in the sac metro… I guess you don’t have drug users in Memphis right? What do you do in Memphis? b&Es probably right. Also every city has good food that isn’t a flex there a reason American are obese. You def have a Memphis level education,nba,[Amick] Sacramento Kings expected to retain head coach Doug Christie: Sources,discussion,1,1776041155,https://www.reddit.com/r/nba/comments/1sjiwnb/amick_sacramento_kings_expected_to_retain_head/ofuqs3l/,random
ofxgesl,AC Green once played just 3 seconds of a game.,nba,"[Highlight] Mikal Bridges gets subbed 23 seconds into the game vs. the Hornets, keeping his Iron streak on.

Not missing a game... 638 straight games",highlight,1,1776084295,https://www.reddit.com/r/nba/comments/1sjsjvq/highlight_mikal_bridges_gets_subbed_23_seconds/ofxgesl/,random
ofzhgkh,"> That's actually a lot more work than checking into a basketball game for like 20 seconds tbf. To be fair we’re talking about over the course of hundreds of games not just this game in particular. This is not uncommon in Cal Ripken Jr’s career but it is for Green. > AC Green is is an iron man not because he kept some record alive by playing a few seconds while injured. He's an iron man because he was barely injured. It’s both. His iron man status is remembered because of his record, he was not that remarkable a player otherwise",nba,"[Highlight] Mikal Bridges gets subbed 23 seconds into the game vs. the Hornets, keeping his Iron streak on.

Not missing a game... 638 straight games",highlight,1,1776104452,https://www.reddit.com/r/nba/comments/1sjsjvq/highlight_mikal_bridges_gets_subbed_23_seconds/ofzhgkh/,random
ofylfu5,"I completely misspoke, and was referring to his total points record rather than his 10 points a game streak. The total points record ceremony when Kareem broke Wilt's was for RS only, so I don't understand why people were surprised that LeBron's was RS only",nba,"[Highlight] Mikal Bridges gets subbed 23 seconds into the game vs. the Hornets, keeping his Iron streak on.

Not missing a game... 638 straight games",highlight,2,1776096004,https://www.reddit.com/r/nba/comments/1sjsjvq/highlight_mikal_bridges_gets_subbed_23_seconds/ofylfu5/,random
og66x2n,Only 1992 more games and he catches Ripkin,nba,"[Highlight] Mikal Bridges gets subbed 23 seconds into the game vs. the Hornets, keeping his Iron streak on.

Not missing a game... 638 straight games",highlight,1,1776188362,https://www.reddit.com/r/nba/comments/1sjsjvq/highlight_mikal_bridges_gets_subbed_23_seconds/og66x2n/,random
ofvell2,Why not just have Mikal commit the foul,nba,"[Highlight] Mikal Bridges gets subbed 23 seconds into the game vs. the Hornets, keeping his Iron streak on.

Not missing a game... 638 straight games",highlight,3,1776049761,https://www.reddit.com/r/nba/comments/1sjsjvq/highlight_mikal_bridges_gets_subbed_23_seconds/ofvell2/,random
ofy8cx2,If you geniunely don't see the argument that's a pretty big problem itself for you lol,nba,"[Highlight] Mikal Bridges gets subbed 23 seconds into the game vs. the Hornets, keeping his Iron streak on.

Not missing a game... 638 straight games",highlight,1,1776092544,https://www.reddit.com/r/nba/comments/1sjsjvq/highlight_mikal_bridges_gets_subbed_23_seconds/ofy8cx2/,random
ofvievs,"I've been a Mikal Bridges fan since he said playing all 82 games was a high priority each season. When he got traded to the Nets, he actually played 83 games that season. He is a solid role player that can adapt to play on any team. I think almost 20 players played all 82 this season. It should be a lot more, though",nba,"[Highlight] Mikal Bridges gets subbed 23 seconds into the game vs. the Hornets, keeping his Iron streak on.

Not missing a game... 638 straight games",highlight,3,1776051296,https://www.reddit.com/r/nba/comments/1sjsjvq/highlight_mikal_bridges_gets_subbed_23_seconds/ofvievs/,random
ofvpepb,This feels like something Jon Bois and Secret Base would make out of a Fumble Dimension episode.,nba,"[Highlight] Mikal Bridges gets subbed 23 seconds into the game vs. the Hornets, keeping his Iron streak on.

Not missing a game... 638 straight games",highlight,31,1776054282,https://www.reddit.com/r/nba/comments/1sjsjvq/highlight_mikal_bridges_gets_subbed_23_seconds/ofvpepb/,random
oigygql,Which one of you stole those undies,nba,Sources close to Charania say Nikola Jokić was able to locate his underwear in the locker room after earlier reports this morning claimed it had been stolen.,discussion,1,1777248921,https://www.reddit.com/r/nba/comments/1swnkgi/sources_close_to_charania_say_nikola_jokić_was/oigygql/,random
oih63ge,We talkin' about undies... we talking 'bout undies?!,nba,Sources close to Charania say Nikola Jokić was able to locate his underwear in the locker room after earlier reports this morning claimed it had been stolen.,discussion,10,1777251712,https://www.reddit.com/r/nba/comments/1swnkgi/sources_close_to_charania_say_nikola_jokić_was/oih63ge/,random
oiho06z,Ok those were his lucky undies. Jokic is officially back. Nuggets in 7 with Jokic averaging 60/30/20,nba,Sources close to Charania say Nikola Jokić was able to locate his underwear in the locker room after earlier reports this morning claimed it had been stolen.,discussion,1,1777258342,https://www.reddit.com/r/nba/comments/1swnkgi/sources_close_to_charania_say_nikola_jokić_was/oiho06z/,random
oigy8hx,From championship locker room to Ace Ventura sequel. You can't make this shit up.,nba,Sources close to Charania say Nikola Jokić was able to locate his underwear in the locker room after earlier reports this morning claimed it had been stolen.,discussion,1,1777248836,https://www.reddit.com/r/nba/comments/1swnkgi/sources_close_to_charania_say_nikola_jokić_was/oigy8hx/,random
oiiy0sw,Why hurt your own credibility like this Shams,nba,Sources close to Charania say Nikola Jokić was able to locate his underwear in the locker room after earlier reports this morning claimed it had been stolen.,discussion,1,1777281076,https://www.reddit.com/r/nba/comments/1swnkgi/sources_close_to_charania_say_nikola_jokić_was/oiiy0sw/,random
oihfldx,I came her to comment this like dead ass LOL,nba,Sources close to Charania say Nikola Jokić was able to locate his underwear in the locker room after earlier reports this morning claimed it had been stolen.,discussion,-1,1777255175,https://www.reddit.com/r/nba/comments/1swnkgi/sources_close_to_charania_say_nikola_jokić_was/oihfldx/,random
oilck2w,Phase 1: collect underpants Phase 2: ……….. Phase 3: Profit!,nba,Sources close to Charania say Nikola Jokić was able to locate his underwear in the locker room after earlier reports this morning claimed it had been stolen.,discussion,1,1777310361,https://www.reddit.com/r/nba/comments/1swnkgi/sources_close_to_charania_say_nikola_jokić_was/oilck2w/,random
oiib717,"Charania is fucking jokić. We know how these ""sources"" work now.",nba,Sources close to Charania say Nikola Jokić was able to locate his underwear in the locker room after earlier reports this morning claimed it had been stolen.,discussion,1,1777268661,https://www.reddit.com/r/nba/comments/1swnkgi/sources_close_to_charania_say_nikola_jokić_was/oiib717/,random
oiiogky,"Nah, I'm pushing it from 2 months ago",nba,"Victor Wembanyama as he returns from concussion and the Spurs complete a 17-point comeback against the Blazers: 27 PTS, 11 REB, 7 BLK, 4 STL, 3 AST on 9/17 FG, 1/4 3P, 8/8 FT, +28 in 34min",discussion,3,1777275650,https://www.reddit.com/r/nba/comments/1swlj5f/victor_wembanyama_as_he_returns_from_concussion/oiiogky/,random
oii6ee5,"I've commented about this a few times but in game 1, kornet had this moment where he's under the basket as someone shoots a corner 3. Kornet immediately pivots to boxing out the opposing big, putting him in position to tip the rebound to another spurs player for a second chance, which lead to a basket. It was never mentioned, but that's some fundamental shit that vets bring.",nba,"Victor Wembanyama as he returns from concussion and the Spurs complete a 17-point comeback against the Blazers: 27 PTS, 11 REB, 7 BLK, 4 STL, 3 AST on 9/17 FG, 1/4 3P, 8/8 FT, +28 in 34min",discussion,2,1777266294,https://www.reddit.com/r/nba/comments/1swlj5f/victor_wembanyama_as_he_returns_from_concussion/oii6ee5/,random
oijwyti,Hold on let me google this,nba,"Victor Wembanyama as he returns from concussion and the Spurs complete a 17-point comeback against the Blazers: 27 PTS, 11 REB, 7 BLK, 4 STL, 3 AST on 9/17 FG, 1/4 3P, 8/8 FT, +28 in 34min",discussion,1,1777295896,https://www.reddit.com/r/nba/comments/1swlj5f/victor_wembanyama_as_he_returns_from_concussion/oijwyti/,random
oiirr7c,"Even so, I'm fairly sure that Jokic's average is around 35 points against Wemby. Though I highly doubt they will meet, Jokic is having a meltdown against Minnesota.",nba,"Victor Wembanyama as he returns from concussion and the Spurs complete a 17-point comeback against the Blazers: 27 PTS, 11 REB, 7 BLK, 4 STL, 3 AST on 9/17 FG, 1/4 3P, 8/8 FT, +28 in 34min",discussion,10,1777277499,https://www.reddit.com/r/nba/comments/1swlj5f/victor_wembanyama_as_he_returns_from_concussion/oiirr7c/,random
oii6ja9,I said this about kawhi when he was on the spurs. You can watch players just pass it out because they don't want to be defended by kawhi.,nba,"Victor Wembanyama as he returns from concussion and the Spurs complete a 17-point comeback against the Blazers: 27 PTS, 11 REB, 7 BLK, 4 STL, 3 AST on 9/17 FG, 1/4 3P, 8/8 FT, +28 in 34min",discussion,2,1777266359,https://www.reddit.com/r/nba/comments/1swlj5f/victor_wembanyama_as_he_returns_from_concussion/oii6ja9/,random
oik00tl,Correct. Property taxes are pretty high but overall cost of housing is really low compared to most NBA cities.,nba,"Victor Wembanyama as he returns from concussion and the Spurs complete a 17-point comeback against the Blazers: 27 PTS, 11 REB, 7 BLK, 4 STL, 3 AST on 9/17 FG, 1/4 3P, 8/8 FT, +28 in 34min",discussion,1,1777296868,https://www.reddit.com/r/nba/comments/1swlj5f/victor_wembanyama_as_he_returns_from_concussion/oik00tl/,random
oilje1n,concussive damage put him in a defensive flow state. He's the Wembentar...,nba,"Victor Wembanyama as he returns from concussion and the Spurs complete a 17-point comeback against the Blazers: 27 PTS, 11 REB, 7 BLK, 4 STL, 3 AST on 9/17 FG, 1/4 3P, 8/8 FT, +28 in 34min",discussion,2,1777312202,https://www.reddit.com/r/nba/comments/1swlj5f/victor_wembanyama_as_he_returns_from_concussion/oilje1n/,random
oii7fyt,Are you just now realizing people root against successful teams? Why do you think the Pats were so hated.,nba,"Victor Wembanyama as he returns from concussion and the Spurs complete a 17-point comeback against the Blazers: 27 PTS, 11 REB, 7 BLK, 4 STL, 3 AST on 9/17 FG, 1/4 3P, 8/8 FT, +28 in 34min",discussion,0,1777266797,https://www.reddit.com/r/nba/comments/1swlj5f/victor_wembanyama_as_he_returns_from_concussion/oii7fyt/,random
oiglyvd,It’s his length that’s so impressive…,nba,The Spurs outscored the Blazers 73-35 in the second half,discussion,11,1777244471,https://www.reddit.com/r/nba/comments/1swlfou/the_spurs_outscored_the_blazers_7335_in_the/oiglyvd/,random
oih3juj,7ft8 bodhisattva cheat code,nba,The Spurs outscored the Blazers 73-35 in the second half,discussion,10,1777250803,https://www.reddit.com/r/nba/comments/1swlfou/the_spurs_outscored_the_blazers_7335_in_the/oih3juj/,random
oih4orj,Lmao so what does that make you? Nice self own.,nba,The Spurs outscored the Blazers 73-35 in the second half,discussion,1,1777251211,https://www.reddit.com/r/nba/comments/1swlfou/the_spurs_outscored_the_blazers_7335_in_the/oih4orj/,random
oigimak,"Stating that was the largest comeback in NBA playoff history is not true, and is a huge disservice to Lou Williams and Montrezl Harrell",nba,The Spurs outscored the Blazers 73-35 in the second half,discussion,-8,1777243288,https://www.reddit.com/r/nba/comments/1swlfou/the_spurs_outscored_the_blazers_7335_in_the/oigimak/,random
oihbzyn,I did the same. Absolutely miserable people,nba,The Spurs outscored the Blazers 73-35 in the second half,discussion,6,1777253866,https://www.reddit.com/r/nba/comments/1swlfou/the_spurs_outscored_the_blazers_7335_in_the/oihbzyn/,random
oih6am5,Dude its not just your sub. Social media has fried people's brains. Sports discourse is fully cooked.,nba,The Spurs outscored the Blazers 73-35 in the second half,discussion,8,1777251784,https://www.reddit.com/r/nba/comments/1swlfou/the_spurs_outscored_the_blazers_7335_in_the/oih6am5/,random
oigr4hl,Or they were blatantly wrong and you’re moving the goal posts to a stat that is correct.,nba,The Spurs outscored the Blazers 73-35 in the second half,discussion,-8,1777246272,https://www.reddit.com/r/nba/comments/1swlfou/the_spurs_outscored_the_blazers_7335_in_the/oigr4hl/,random
oigowzu,He misspoke and the misunderstanding has been cleared up. Why does this aggravate you so much?,nba,The Spurs outscored the Blazers 73-35 in the second half,discussion,7,1777245495,https://www.reddit.com/r/nba/comments/1swlfou/the_spurs_outscored_the_blazers_7335_in_the/oigowzu/,random
oih2b5x,I hope you watched Cavs-Raptors,nba,"[Post Game Thread] The San Antonio Spurs (3-1) completethe 17-point comeback and defeat the Portland Trail Blazers (1-3) to take a commanding series lead, 114-93.",post_game,3,1777250348,https://www.reddit.com/r/nba/comments/1swlf47/post_game_thread_the_san_antonio_spurs_31/oih2b5x/,random
oij9lc0,"Throughout the past few games without wemby, Robert Williams was definitely impacting the game more than clingan. I sigh in relief everytime he exits the game for clingan. But now that wemby is back, both doesn't matter anymore lol",nba,"[Post Game Thread] The San Antonio Spurs (3-1) completethe 17-point comeback and defeat the Portland Trail Blazers (1-3) to take a commanding series lead, 114-93.",post_game,1,1777287073,https://www.reddit.com/r/nba/comments/1swlf47/post_game_thread_the_san_antonio_spurs_31/oij9lc0/,random
oih3qut,when the spurs and thunder meet i have this feeling the x factor will be harrison barnes. hes going to play some key minutes and use his veteranship to push the spurs,nba,"[Post Game Thread] The San Antonio Spurs (3-1) completethe 17-point comeback and defeat the Portland Trail Blazers (1-3) to take a commanding series lead, 114-93.",post_game,1,1777250874,https://www.reddit.com/r/nba/comments/1swlf47/post_game_thread_the_san_antonio_spurs_31/oih3qut/,random
oihvv0k,lmaoooo does that include the players while yall were waiting for the buses to come in ?,nba,"[Post Game Thread] The San Antonio Spurs (3-1) completethe 17-point comeback and defeat the Portland Trail Blazers (1-3) to take a commanding series lead, 114-93.",post_game,1,1777261560,https://www.reddit.com/r/nba/comments/1swlf47/post_game_thread_the_san_antonio_spurs_31/oihvv0k/,random
oil3bxb,Good thing is Fox is pretty much a role player when Wemby is active. We don't need him to be hot every night when there's a Wemby and at least 2 other guards that can all detonate when needed. Fans are just fickle and reactionary.,nba,"[Post Game Thread] The San Antonio Spurs (3-1) completethe 17-point comeback and defeat the Portland Trail Blazers (1-3) to take a commanding series lead, 114-93.",post_game,2,1777307870,https://www.reddit.com/r/nba/comments/1swlf47/post_game_thread_the_san_antonio_spurs_31/oil3bxb/,random
oihyr5v,> I don't see how it's supposed to make someone look good in any way. I think your confusion stems from a belief that billionaires care about looking good. They don’t. They care about money and control and if they have those two things it truly doesn’t matter how bad they look.,nba,"[Post Game Thread] The San Antonio Spurs (3-1) completethe 17-point comeback and defeat the Portland Trail Blazers (1-3) to take a commanding series lead, 114-93.",post_game,3,1777262803,https://www.reddit.com/r/nba/comments/1swlf47/post_game_thread_the_san_antonio_spurs_31/oihyr5v/,random
oihdhv0,"Well they're not flaired, so idk if it's a Spurs fan. But it's an Office quote",nba,"[Post Game Thread] The San Antonio Spurs (3-1) completethe 17-point comeback and defeat the Portland Trail Blazers (1-3) to take a commanding series lead, 114-93.",post_game,0,1777254411,https://www.reddit.com/r/nba/comments/1swlf47/post_game_thread_the_san_antonio_spurs_31/oihdhv0/,random
oih5q65,Fox went nuclear and the blazers couldn’t stop turning the ball over.,nba,"[Post Game Thread] The San Antonio Spurs (3-1) completethe 17-point comeback and defeat the Portland Trail Blazers (1-3) to take a commanding series lead, 114-93.",post_game,2,1777251577,https://www.reddit.com/r/nba/comments/1swlf47/post_game_thread_the_san_antonio_spurs_31/oih5q65/,random
oikm1y3,Dude his shit was sideways it’s a miracle he’s still got two legs let alone that he played a decade of NBA basketball on that thing,nba,[Charania] 76ers star Joel Embiid will return tonight in Game 4 against the Celtics over two weeks after surgery for appendicitis.,news,1,1777303115,https://www.reddit.com/r/nba/comments/1swlpr4/charania_76ers_star_joel_embiid_will_return/oikm1y3/,random
oigtin1,"I’m back. Yall won lol it’s not even just Joel, the sixers are all playing like dogshit and can’t defend your teams elite bench I guess",nba,[Charania] 76ers star Joel Embiid will return tonight in Game 4 against the Celtics over two weeks after surgery for appendicitis.,news,-1,1777247109,https://www.reddit.com/r/nba/comments/1swlpr4/charania_76ers_star_joel_embiid_will_return/oigtin1/,random
oigsa7r,I mean I would think that the action and intent is just as important as the result lol. Grabbing a leg when someone is midair is dirty whether or not they ended up injured on that play. We say the same shit about Dort and everyone else when they do sus stuff,nba,[Charania] 76ers star Joel Embiid will return tonight in Game 4 against the Celtics over two weeks after surgery for appendicitis.,news,3,1777246673,https://www.reddit.com/r/nba/comments/1swlpr4/charania_76ers_star_joel_embiid_will_return/oigsa7r/,random
oijh8tw,It was also the most gruesome basketball injury we’ve had in the last 20 years aside from Kevin Ware himself,nba,[Charania] 76ers star Joel Embiid will return tonight in Game 4 against the Celtics over two weeks after surgery for appendicitis.,news,1,1777290331,https://www.reddit.com/r/nba/comments/1swlpr4/charania_76ers_star_joel_embiid_will_return/oijh8tw/,random
oinpdnn,Nah this was actually crazy.,nba,[Charania] 76ers star Joel Embiid will return tonight in Game 4 against the Celtics over two weeks after surgery for appendicitis.,news,1,1777335867,https://www.reddit.com/r/nba/comments/1swlpr4/charania_76ers_star_joel_embiid_will_return/oinpdnn/,random
oigooik,Embiid is a fucking warrior.,nba,[Charania] 76ers star Joel Embiid will return tonight in Game 4 against the Celtics over two weeks after surgery for appendicitis.,news,-1,1777245414,https://www.reddit.com/r/nba/comments/1swlpr4/charania_76ers_star_joel_embiid_will_return/oigooik/,random
oigscco,"Yeah mine was 20 years ago, wasn't given any options for alternatives Was just in 10/10 pain and they did a CT scan and were like ""yo this needs to get out ASAP"" and I was so high on pain meds that I had no idea what the fuck was going on",nba,[Charania] 76ers star Joel Embiid will return tonight in Game 4 against the Celtics over two weeks after surgery for appendicitis.,news,5,1777246694,https://www.reddit.com/r/nba/comments/1swlpr4/charania_76ers_star_joel_embiid_will_return/oigscco/,random
ojm23vi,bro is triggered as a mf lmao have fun in cancun,nba,[Charania] 76ers star Joel Embiid will return tonight in Game 4 against the Celtics over two weeks after surgery for appendicitis.,news,1,1777774998,https://www.reddit.com/r/nba/comments/1swlpr4/charania_76ers_star_joel_embiid_will_return/ojm23vi/,random
oih6d3e,better for the Wolves that Jokic isn't suspended. that's like 50 easy paint points sorted out,nba,"[Charania] NBA discipline for Denver-Minnesota scuffle: Nikola Jokic fined $50,000 Julius Randle fined $35,000",news,2,1777251809,https://www.reddit.com/r/nba/comments/1swncrk/charania_nba_discipline_for_denverminnesota/oih6d3e/,random
oikt6f2,What do you think fines are for? They're to discourage bad behavior. Bad behavior like starting a fight for no reason. Do you think this miniscule fine will alter his behavior whatsoever?,nba,"[Charania] NBA discipline for Denver-Minnesota scuffle: Nikola Jokic fined $50,000 Julius Randle fined $35,000",news,1,1777305073,https://www.reddit.com/r/nba/comments/1swncrk/charania_nba_discipline_for_denverminnesota/oikt6f2/,random
oihalbm,"And all the other players involved, too!",nba,"[Charania] NBA discipline for Denver-Minnesota scuffle: Nikola Jokic fined $50,000 Julius Randle fined $35,000",news,0,1777253355,https://www.reddit.com/r/nba/comments/1swncrk/charania_nba_discipline_for_denverminnesota/oihalbm/,random
oihazn5,Are you saying if Jokic got I. Wemby’s face or if Wemby did what Jokic did? Because for one I don’t think it’ll ever happen because Wemby isn’t that sort of player to instigate and the other I don’t think anyone would be talking suspension for Wemby getting in someone’s face during the playoffs,nba,"[Charania] NBA discipline for Denver-Minnesota scuffle: Nikola Jokic fined $50,000 Julius Randle fined $35,000",news,3,1777253504,https://www.reddit.com/r/nba/comments/1swncrk/charania_nba_discipline_for_denverminnesota/oihazn5/,random
oih433l,Jokic gets his feelings hurt and ran all the way over to the other side of the court to start a scuffle and that's all he gets fined? lol,nba,"[Charania] NBA discipline for Denver-Minnesota scuffle: Nikola Jokic fined $50,000 Julius Randle fined $35,000",news,1,1777250997,https://www.reddit.com/r/nba/comments/1swncrk/charania_nba_discipline_for_denverminnesota/oih433l/,random
oih41mc,"Per regular season game played this season Jokic earned $849,608, Randle earned $390,606. I think it's kind of interesting that the NBA still chooses to fine players a fraction of what they earn per game, rather than issuing different punishments. Thoughts? is this a good thing?",nba,"[Charania] NBA discipline for Denver-Minnesota scuffle: Nikola Jokic fined $50,000 Julius Randle fined $35,000",news,10,1777250982,https://www.reddit.com/r/nba/comments/1swncrk/charania_nba_discipline_for_denverminnesota/oih41mc/,random
oijgts5,"For the third, and last time - I wasn't talking about this specific situation, but comparing fines for wealthy vs poor. I even specifically mentioned arbitrary fines as cost to do criminal activity and I struggle to see where did you see any crimes being committed at this game.",nba,"[Charania] NBA discipline for Denver-Minnesota scuffle: Nikola Jokic fined $50,000 Julius Randle fined $35,000",news,6,1777290164,https://www.reddit.com/r/nba/comments/1swncrk/charania_nba_discipline_for_denverminnesota/oijgts5/,random
oihbd2q,Jokic won’t be getting that 5 pack colored variety underwear pack from target,nba,"[Charania] NBA discipline for Denver-Minnesota scuffle: Nikola Jokic fined $50,000 Julius Randle fined $35,000",news,38,1777253641,https://www.reddit.com/r/nba/comments/1swncrk/charania_nba_discipline_for_denverminnesota/oihbd2q/,random
oij6kky,"I doubt it - that's not how he rolls, especially after we won the game. My guess is that the NBA got mixed up in it in a way that could seem ""extra-curricular"". I think one of two things may have happened: 1) The docs for both sides told him he was fine and then the NBA reversed that 2) The docs cautioned him to sit but the NBA pushed him to play The Spurs believe in their ability to beat this team without him, but they'd also take the L before putting him in danger long-term. That's an easy trade and one we've made time and time again.",nba,"[Highlight] Wemby postgame,on clearing the concussion protocol: ""The Spurs have done an amazing job. I’m very unhappy about the way the protocol has been handled by other parties... The injury was weird though, it was funny.""",highlight,1,1777285649,https://www.reddit.com/r/nba/comments/1swm282/highlight_wemby_postgameon_clearing_the/oij6kky/,random
oigu99k,"Tbh no doctor would suggest attending a basketball game less than a week after getting a concussion, much less playing in one. I got a concussion 5 days before a music festival that I had been planning for all year one time. I defiantly told the doc that I was going to the fest no matter what and he pretty much said ok that’s stupid and I don’t recommend it but whatever man.",nba,"[Highlight] Wemby postgame,on clearing the concussion protocol: ""The Spurs have done an amazing job. I’m very unhappy about the way the protocol has been handled by other parties... The injury was weird though, it was funny.""",highlight,17,1777247370,https://www.reddit.com/r/nba/comments/1swm282/highlight_wemby_postgameon_clearing_the/oigu99k/,random
oihm2hn,"He said the doctors were great all around. He's implying that both the Spurs doctors and the NBA doctors cleared him, but the league still wouldn't let him play, wouldn't give him an actual reason, and didn't notify him in a timely manner.",nba,"[Highlight] Wemby postgame,on clearing the concussion protocol: ""The Spurs have done an amazing job. I’m very unhappy about the way the protocol has been handled by other parties... The injury was weird though, it was funny.""",highlight,1,1777257587,https://www.reddit.com/r/nba/comments/1swm282/highlight_wemby_postgameon_clearing_the/oihm2hn/,random
oigupay,Metlife turf claims another victim,nba,"[Highlight] Wemby postgame,on clearing the concussion protocol: ""The Spurs have done an amazing job. I’m very unhappy about the way the protocol has been handled by other parties... The injury was weird though, it was funny.""",highlight,5,1777247530,https://www.reddit.com/r/nba/comments/1swm282/highlight_wemby_postgameon_clearing_the/oigupay/,random
oigwq0p,Literally I think he's just pissed he wasn't allowed to play last game lol! Understandable I mean you're one of the best players in the league and extreme competitor hanging with monks and stuff trying to perfect your craft I mean come on 😂 But he has to understand this is good. And he shouldn't even be playing tonight if we're being honest. He got a concussion on the basketball court and was out cold for a few seconds. Even if it never happens again that's a very scary thing. We could almost argue it's malpractice he was out there tonight I mean the end of the day it's going to be whatever but still,nba,"[Highlight] Wemby postgame,on clearing the concussion protocol: ""The Spurs have done an amazing job. I’m very unhappy about the way the protocol has been handled by other parties... The injury was weird though, it was funny.""",highlight,1,1777248273,https://www.reddit.com/r/nba/comments/1swm282/highlight_wemby_postgameon_clearing_the/oigwq0p/,random
oiltlg3,"Dawg there isn’t a hardcoded rule of law in the NBA. If a player says “yeah, those calls tonight were fucking bullshit,” he can still get fined even though he didn’t specifically say he means the calls by the refs.",nba,"[Highlight] Wemby postgame,on clearing the concussion protocol: ""The Spurs have done an amazing job. I’m very unhappy about the way the protocol has been handled by other parties... The injury was weird though, it was funny.""",highlight,1,1777315029,https://www.reddit.com/r/nba/comments/1swm282/highlight_wemby_postgameon_clearing_the/oiltlg3/,random
oihtwz9,He is most definitely just playing with a concussion. Shit takes weeks to heal,nba,"[Highlight] Wemby postgame,on clearing the concussion protocol: ""The Spurs have done an amazing job. I’m very unhappy about the way the protocol has been handled by other parties... The injury was weird though, it was funny.""",highlight,7,1777260738,https://www.reddit.com/r/nba/comments/1swm282/highlight_wemby_postgameon_clearing_the/oihtwz9/,random
oih71uj,"Yeah. I remember Derek Lively in the playoffs vs the Wolves when he got kneed at the back of the head. They had the injury as a neck sprain in order to avoid the concussion protocol, which would make need an independent doc clear him. He did missed a game though.",nba,"[Highlight] Wemby postgame,on clearing the concussion protocol: ""The Spurs have done an amazing job. I’m very unhappy about the way the protocol has been handled by other parties... The injury was weird though, it was funny.""",highlight,1,1777252061,https://www.reddit.com/r/nba/comments/1swm282/highlight_wemby_postgameon_clearing_the/oih71uj/,random
ol6p7ju,Are you high Maxey is hands down without question the 6ers' most important player what the actual fuck are you talking about,nba,"With tonight’s elimination, Joel Embiid remains the only MVP in NBA history to never reach the Conference Finals.",discussion,3,1778509850,https://www.reddit.com/r/nba/comments/1t9klf6/with_tonights_elimination_joel_embiid_remains_the/ol6p7ju/,random
ol5nm8i,"They're normal knees, find a new slant",nba,"With tonight’s elimination, Joel Embiid remains the only MVP in NBA history to never reach the Conference Finals.",discussion,3,1778497223,https://www.reddit.com/r/nba/comments/1t9klf6/with_tonights_elimination_joel_embiid_remains_the/ol5nm8i/,random
ol5daz5,Not basketball but Cam is adamant he'd rather keep his MVP than trade it for a super bowl ring,nba,"With tonight’s elimination, Joel Embiid remains the only MVP in NBA history to never reach the Conference Finals.",discussion,1,1778492350,https://www.reddit.com/r/nba/comments/1t9klf6/with_tonights_elimination_joel_embiid_remains_the/ol5daz5/,random
ol5xxmr,Jesus. The biggest what if in NBA history.,nba,"With tonight’s elimination, Joel Embiid remains the only MVP in NBA history to never reach the Conference Finals.",discussion,1,1778501280,https://www.reddit.com/r/nba/comments/1t9klf6/with_tonights_elimination_joel_embiid_remains_the/ol5xxmr/,random
ol6dli2,The Clippers had 50 wins last year and 49 in 2020 with 72 played games. Dumbass talking point,nba,"With tonight’s elimination, Joel Embiid remains the only MVP in NBA history to never reach the Conference Finals.",discussion,0,1778506478,https://www.reddit.com/r/nba/comments/1t9klf6/with_tonights_elimination_joel_embiid_remains_the/ol6dli2/,random
olcld9y,I dunno if you watch Embiid (as you are a 76ers fan) but the guy literally limps off each quarter. You really think he offers much on defense?,nba,"With tonight’s elimination, Joel Embiid remains the only MVP in NBA history to never reach the Conference Finals.",discussion,1,1778584131,https://www.reddit.com/r/nba/comments/1t9klf6/with_tonights_elimination_joel_embiid_remains_the/olcld9y/,random
ol4v9lw,"It would've been a nice consolation prize at least, sort of like J-Lin winning a ring with the Raptors after years of injuries. But Dirk and the Mavs dashed those dreams.",nba,"With tonight’s elimination, Joel Embiid remains the only MVP in NBA history to never reach the Conference Finals.",discussion,6,1778482625,https://www.reddit.com/r/nba/comments/1t9klf6/with_tonights_elimination_joel_embiid_remains_the/ol4v9lw/,random
ol51kxs,"Hard disagree. A career of nothing but playoff failure for an MVP will 100% be remembered and brought up faaaaar into the future. Round 1 wins, however, will be forgotten very quickly.",nba,"With tonight’s elimination, Joel Embiid remains the only MVP in NBA history to never reach the Conference Finals.",discussion,15,1778486022,https://www.reddit.com/r/nba/comments/1t9klf6/with_tonights_elimination_joel_embiid_remains_the/ol51kxs/,random
ol2mx00,They probably all are buddy.,nba,"Joel Embiid checks out of the Game 4 loss: 24 pts, 5 reb, 4 ast on 108.3% TS",discussion,4,1778450280,https://www.reddit.com/r/nba/comments/1t9jqcy/joel_embiid_checks_out_of_the_game_4_loss_24_pts/ol2mx00/,random
ol2wa27,"Overall no, I expected a loss in 5 or 6. But once I saw how truly gassed we were in game 1 and then the collapse in game 2 I was ready for it. Going straight from a game 7 into this series was pretty much going to be about carrying our momentum and once we showed that wasn't happening, as I said we have no bench, so we had nothing to keep up with for a full series",nba,"Joel Embiid checks out of the Game 4 loss: 24 pts, 5 reb, 4 ast on 108.3% TS",discussion,9,1778453589,https://www.reddit.com/r/nba/comments/1t9jqcy/joel_embiid_checks_out_of_the_game_4_loss_24_pts/ol2wa27/,random
ol2po2j,"I mean its def good for the haters but Boston vs NY would've been a much better basketball product for neutrals, there are literally 2 unwatchable series in the 2nd round this year which is no fun",nba,"Joel Embiid checks out of the Game 4 loss: 24 pts, 5 reb, 4 ast on 108.3% TS",discussion,-8,1778451229,https://www.reddit.com/r/nba/comments/1t9jqcy/joel_embiid_checks_out_of_the_game_4_loss_24_pts/ol2po2j/,random
ol2wk5p,"Do redditors take pride in being ignorant? McCain trade wasn't about saving money, cutting EG brought them under the tax. Also having McCain would've done jack fucking shit against the Knicks, Sixers need playmakers and defenders.",nba,"Joel Embiid checks out of the Game 4 loss: 24 pts, 5 reb, 4 ast on 108.3% TS",discussion,-6,1778453690,https://www.reddit.com/r/nba/comments/1t9jqcy/joel_embiid_checks_out_of_the_game_4_loss_24_pts/ol2wk5p/,random
ol2w9l2,Sucked out the energy of the entire team honestly. Everyone needs to cover for him on defense.,nba,"Joel Embiid checks out of the Game 4 loss: 24 pts, 5 reb, 4 ast on 108.3% TS",discussion,1,1778453584,https://www.reddit.com/r/nba/comments/1t9jqcy/joel_embiid_checks_out_of_the_game_4_loss_24_pts/ol2w9l2/,random
ol2psj1,"he played like he was crawling through molasses and was given a bunch of open mid range shots, his score line really doesn't tell the story of how he played",nba,"Joel Embiid checks out of the Game 4 loss: 24 pts, 5 reb, 4 ast on 108.3% TS",discussion,-6,1778451272,https://www.reddit.com/r/nba/comments/1t9jqcy/joel_embiid_checks_out_of_the_game_4_loss_24_pts/ol2psj1/,random
ol2os1e,Why does Embiid fall onto people like that,nba,"Joel Embiid checks out of the Game 4 loss: 24 pts, 5 reb, 4 ast on 108.3% TS",discussion,-2,1778450917,https://www.reddit.com/r/nba/comments/1t9jqcy/joel_embiid_checks_out_of_the_game_4_loss_24_pts/ol2os1e/,random
ol2nvvh,"After this year, Embiid officially has more wins against 50+ win playoff teams than Jokic",nba,"Joel Embiid checks out of the Game 4 loss: 24 pts, 5 reb, 4 ast on 108.3% TS",discussion,1,1778450607,https://www.reddit.com/r/nba/comments/1t9jqcy/joel_embiid_checks_out_of_the_game_4_loss_24_pts/ol2nvvh/,random
ol3euwx,Commanders is actually even worse,nba,Should the Wizards think about a rebrand?,discussion,1,1778460232,https://www.reddit.com/r/nba/comments/1t9lk9l/should_the_wizards_think_about_a_rebrand/ol3euwx/,random
ol3t96z,Now that’s spoken like someone that has truly never lived here lol,nba,Should the Wizards think about a rebrand?,discussion,-1,1778465438,https://www.reddit.com/r/nba/comments/1t9lk9l/should_the_wizards_think_about_a_rebrand/ol3t96z/,random
ol32wgx,They should be the Washington Basketball Team.,nba,Should the Wizards think about a rebrand?,discussion,1,1778455952,https://www.reddit.com/r/nba/comments/1t9lk9l/should_the_wizards_think_about_a_rebrand/ol32wgx/,random
ol54xpr,DC hosts the US federal government.,nba,Should the Wizards think about a rebrand?,discussion,2,1778487838,https://www.reddit.com/r/nba/comments/1t9lk9l/should_the_wizards_think_about_a_rebrand/ol54xpr/,random
ol4bil4,Should just call them the Washington Generals at this point IYKYK,nba,Should the Wizards think about a rebrand?,discussion,1,1778472881,https://www.reddit.com/r/nba/comments/1t9lk9l/should_the_wizards_think_about_a_rebrand/ol4bil4/,random
ol410fa,Washington white wigs. Call fans wiggers,nba,Should the Wizards think about a rebrand?,discussion,1,1778468384,https://www.reddit.com/r/nba/comments/1t9lk9l/should_the_wizards_think_about_a_rebrand/ol410fa/,random
omzyllm,They need to go back to the blue and bronze this bs now has been ugly since day 1,nba,Should the Wizards think about a rebrand?,discussion,1,1779338235,https://www.reddit.com/r/nba/comments/1t9lk9l/should_the_wizards_think_about_a_rebrand/omzyllm/,random
ol322nj,The Washington Basketball Team,nba,Should the Wizards think about a rebrand?,discussion,1,1778455656,https://www.reddit.com/r/nba/comments/1t9lk9l/should_the_wizards_think_about_a_rebrand/ol322nj/,random
ol5wg84,Legitimately only played like 20mpg lol,nba,"[Post Game Thread] The New York Knicks (4-0) obliterate and eviscerate the Philadelphia 76ers (0-4), 144-114, behind Towns, Brunson, and McBride masterclass games.",post_game,1,1778500740,https://www.reddit.com/r/nba/comments/1t9kkt7/post_game_thread_the_new_york_knicks_40/ol5wg84/,random
ol57qu3,"hey KD, dont you regret not coming to the KNIIIIIIIICKSSSSSS?",nba,"[Post Game Thread] The New York Knicks (4-0) obliterate and eviscerate the Philadelphia 76ers (0-4), 144-114, behind Towns, Brunson, and McBride masterclass games.",post_game,1,1778489362,https://www.reddit.com/r/nba/comments/1t9kkt7/post_game_thread_the_new_york_knicks_40/ol57qu3/,random
ol56wjt,"So is that “total basketball?” Reminds me of Jamie Tartt: “stop playing to me, and start playing through me!”",nba,"[Post Game Thread] The New York Knicks (4-0) obliterate and eviscerate the Philadelphia 76ers (0-4), 144-114, behind Towns, Brunson, and McBride masterclass games.",post_game,1,1778488915,https://www.reddit.com/r/nba/comments/1t9kkt7/post_game_thread_the_new_york_knicks_40/ol56wjt/,random
ol6m9n4,Need to enjoy in the moment,nba,"[Post Game Thread] The New York Knicks (4-0) obliterate and eviscerate the Philadelphia 76ers (0-4), 144-114, behind Towns, Brunson, and McBride masterclass games.",post_game,1,1778509017,https://www.reddit.com/r/nba/comments/1t9kkt7/post_game_thread_the_new_york_knicks_40/ol6m9n4/,random
ol712cv,"I was a Mike Brown Skeptic for a while but the playoffs are showing why they made the change. Big Bench numbers, a versatile offense, etc. Thibs instilled a defensive demon mindset in the players, Leon Rose put the pieces together and it seems like what Brown is doing now is working. Gotta make the finals this time to prove that point",nba,"[Post Game Thread] The New York Knicks (4-0) obliterate and eviscerate the Philadelphia 76ers (0-4), 144-114, behind Towns, Brunson, and McBride masterclass games.",post_game,3,1778513113,https://www.reddit.com/r/nba/comments/1t9kkt7/post_game_thread_the_new_york_knicks_40/ol712cv/,random
ol73d0v,With the Spurs and Wolves tied at 2-2 are the Knicks the best chance to stop OKC?,nba,"[Post Game Thread] The New York Knicks (4-0) obliterate and eviscerate the Philadelphia 76ers (0-4), 144-114, behind Towns, Brunson, and McBride masterclass games.",post_game,1,1778513731,https://www.reddit.com/r/nba/comments/1t9kkt7/post_game_thread_the_new_york_knicks_40/ol73d0v/,random
ol6wk9d,He wanted more money thats why lol,nba,"[Post Game Thread] The New York Knicks (4-0) obliterate and eviscerate the Philadelphia 76ers (0-4), 144-114, behind Towns, Brunson, and McBride masterclass games.",post_game,1,1778511897,https://www.reddit.com/r/nba/comments/1t9kkt7/post_game_thread_the_new_york_knicks_40/ol6wk9d/,random
ol5oxnf,"""Understand, we back up.""",nba,"[Post Game Thread] The New York Knicks (4-0) obliterate and eviscerate the Philadelphia 76ers (0-4), 144-114, behind Towns, Brunson, and McBride masterclass games.",post_game,4,1778497778,https://www.reddit.com/r/nba/comments/1t9kkt7/post_game_thread_the_new_york_knicks_40/ol5oxnf/,random
ol44bo7,"Was born in late May of ‘05, but for the Flyers, they haven’t made even an ECF since that 2010 miracle run. And maybe the feeling around the team was a lot different after 2012, when they made the playoffs only in even years, picked Nolan Patrick 2nd overall in 2017, only for injuries to totally derail his career (scouts wanted Cale Makar, maybe the best defenseman over the last 5 years). But with how the Flyers rebuild has progressed, there’s serious hope and optimism, that they can maybe go somewhere. Never easy to find a true 1st line center or #1 Dman in trades or free agency, but if they can get that, get some more improvements from some of the younger players, they definitely could be a perennial playoff contender, but the existence of Carolina will always be a sword of Damocles in the Metro",nba,"[Highlight] Sixers announcer: ""You know the drill: on 3 'Let's Go Sixers' as loud as we can. Here we go. 1-2-3! Let's Go Sixers!"" - Crowd: (boos)",highlight,1,1778469760,https://www.reddit.com/r/nba/comments/1t9iodz/highlight_sixers_announcer_you_know_the_drill_on/ol44bo7/,random
ol3zlyd,"He put on a garbage time disasterclass, which made the score a lot more respectable than what it was.",nba,"[Highlight] Sixers announcer: ""You know the drill: on 3 'Let's Go Sixers' as loud as we can. Here we go. 1-2-3! Let's Go Sixers!"" - Crowd: (boos)",highlight,16,1778467821,https://www.reddit.com/r/nba/comments/1t9iodz/highlight_sixers_announcer_you_know_the_drill_on/ol3zlyd/,random
ol3v22j,Your hopes and dreams for your franchise is actually about another franchise. What a sad life you live bruh. Get fucking destroyed 76ers will be dogshit for the rest of your life and you’ll die mad.,nba,"[Highlight] Sixers announcer: ""You know the drill: on 3 'Let's Go Sixers' as loud as we can. Here we go. 1-2-3! Let's Go Sixers!"" - Crowd: (boos)",highlight,0,1778466088,https://www.reddit.com/r/nba/comments/1t9iodz/highlight_sixers_announcer_you_know_the_drill_on/ol3v22j/,random
ol9ayi7,"At this point, you’re better of putting in AI, Barkley, Dr J, Moses, and the corpse of Wilt. The current players (especially Embiid) were totally okay with losing, which was unacceptable not too long ago",nba,"[Highlight] Sixers announcer: ""You know the drill: on 3 'Let's Go Sixers' as loud as we can. Here we go. 1-2-3! Let's Go Sixers!"" - Crowd: (boos)",highlight,1,1778535510,https://www.reddit.com/r/nba/comments/1t9iodz/highlight_sixers_announcer_you_know_the_drill_on/ol9ayi7/,random
ol3v8mi,"lol what a dog shit team, yall suck so bad and will never be good",nba,"[Highlight] Sixers announcer: ""You know the drill: on 3 'Let's Go Sixers' as loud as we can. Here we go. 1-2-3! Let's Go Sixers!"" - Crowd: (boos)",highlight,-7,1778466154,https://www.reddit.com/r/nba/comments/1t9iodz/highlight_sixers_announcer_you_know_the_drill_on/ol3v8mi/,random
ol44em0,So dogshit you need a burner to say it,nba,"[Highlight] Sixers announcer: ""You know the drill: on 3 'Let's Go Sixers' as loud as we can. Here we go. 1-2-3! Let's Go Sixers!"" - Crowd: (boos)",highlight,4,1778469794,https://www.reddit.com/r/nba/comments/1t9iodz/highlight_sixers_announcer_you_know_the_drill_on/ol44em0/,random
ol78tji,"To be fair, Flyers are a young, unexperienced team cracking the postseason. Sixers are a collection of mostly old ass vets carrying the team with a couple of young guys that, while amazing, haven't taken on the mantle from the uncs and still defer to them.",nba,"[Highlight] Sixers announcer: ""You know the drill: on 3 'Let's Go Sixers' as loud as we can. Here we go. 1-2-3! Let's Go Sixers!"" - Crowd: (boos)",highlight,1,1778515185,https://www.reddit.com/r/nba/comments/1t9iodz/highlight_sixers_announcer_you_know_the_drill_on/ol78tji/,random
ol4nnp3,People blaming embiid over pg is WILD to me. Ts was not embiid’s fault,nba,"[Highlight] Sixers announcer: ""You know the drill: on 3 'Let's Go Sixers' as loud as we can. Here we go. 1-2-3! Let's Go Sixers!"" - Crowd: (boos)",highlight,4,1778478711,https://www.reddit.com/r/nba/comments/1t9iodz/highlight_sixers_announcer_you_know_the_drill_on/ol4nnp3/,random
ol3036g,Its because he looks good in our series but not because of his defense. You knocked off the C's and came back from 3-1. I would be happy for just that.,nba,[Highlight] Nick Nurse is unable to contain his growing frustration,highlight,21,1778454950,https://www.reddit.com/r/nba/comments/1t9jkxp/highlight_nick_nurse_is_unable_to_contain_his/ol3036g/,random
ol2ng7u,"If he signs another contract I think he forfeits his contract from us. I think he would rather take the payout and be with his family for a year, he’s still young enough to get another job in 2027",nba,[Highlight] Nick Nurse is unable to contain his growing frustration,highlight,8,1778450460,https://www.reddit.com/r/nba/comments/1t9jkxp/highlight_nick_nurse_is_unable_to_contain_his/ol2ng7u/,random
ol2nc6c,Yes the roster looks deeper by \*checks notes\* not using a deeper roster,nba,[Highlight] Nick Nurse is unable to contain his growing frustration,highlight,20,1778450423,https://www.reddit.com/r/nba/comments/1t9jkxp/highlight_nick_nurse_is_unable_to_contain_his/ol2nc6c/,random
ol48bsq,This is a nonsensical take. They don't win the series with McCain. They need multiple extra pieces and that's not coming from just one deadline.,nba,[Highlight] Nick Nurse is unable to contain his growing frustration,highlight,1,1778471476,https://www.reddit.com/r/nba/comments/1t9jkxp/highlight_nick_nurse_is_unable_to_contain_his/ol48bsq/,random
ol2ombi,This is Nick Nurse containing his frustrations. Usually he's red faced and bitching about calls for 48 minutes,nba,[Highlight] Nick Nurse is unable to contain his growing frustration,highlight,10,1778450861,https://www.reddit.com/r/nba/comments/1t9jkxp/highlight_nick_nurse_is_unable_to_contain_his/ol2ombi/,random
ol2rtxg,"He runs the offense off the bench vs the lakers, I’ve seen it happen in three games so far this playoffs",nba,[Highlight] Nick Nurse is unable to contain his growing frustration,highlight,-19,1778451992,https://www.reddit.com/r/nba/comments/1t9jkxp/highlight_nick_nurse_is_unable_to_contain_his/ol2rtxg/,random
ol2pm26,"0 depth, brutal team to coach",nba,[Highlight] Nick Nurse is unable to contain his growing frustration,highlight,1,1778451209,https://www.reddit.com/r/nba/comments/1t9jkxp/highlight_nick_nurse_is_unable_to_contain_his/ol2pm26/,random
ol495bw,Now do Jared McCain for the Sixer fans in the back.,nba,[Highlight] Nick Nurse is unable to contain his growing frustration,highlight,0,1778471829,https://www.reddit.com/r/nba/comments/1t9jkxp/highlight_nick_nurse_is_unable_to_contain_his/ol495bw/,random
onm0yfd,"People need to stop pointing at the surface stats as answers. Missing so much context, for starters, what lineups are played when harden is out vs mitchell being out.",nba,"Donovan Mitchell should be a cautionary tale against ""score-only"" guards",discussion,4,1779633933,https://www.reddit.com/r/nba/comments/1tmdotq/donovan_mitchell_should_be_a_cautionary_tale/onm0yfd/,random
onms3ry,One of the score only guards has a mid range jumper and is more efficient from 3. Guess which one.,nba,"Donovan Mitchell should be a cautionary tale against ""score-only"" guards",discussion,1,1779641678,https://www.reddit.com/r/nba/comments/1tmdotq/donovan_mitchell_should_be_a_cautionary_tale/onms3ry/,random
onnhl6s,If you’re a second apron team out a bunch of FRPs you are essentially all-in on winning a championship immediately. So no I would not call getting swept or 4-1’d in the CFs a success at all.,nba,"Donovan Mitchell should be a cautionary tale against ""score-only"" guards",discussion,2,1779648890,https://www.reddit.com/r/nba/comments/1tmdotq/donovan_mitchell_should_be_a_cautionary_tale/onnhl6s/,random
onm2jw7,"Brunson is averaging 10 ""potential assts"" per game and Mitchell 7 He is not hurt, this is just who he is",nba,"Donovan Mitchell should be a cautionary tale against ""score-only"" guards",discussion,10,1779634418,https://www.reddit.com/r/nba/comments/1tmdotq/donovan_mitchell_should_be_a_cautionary_tale/onm2jw7/,random
onp2x1r,Contending with the other best team to play for a championship is the very definition of contending 😂 The team might not have the talent to win but they are certainly are a contender because they're literally contending in the finals...,nba,"Donovan Mitchell should be a cautionary tale against ""score-only"" guards",discussion,0,1779667355,https://www.reddit.com/r/nba/comments/1tmdotq/donovan_mitchell_should_be_a_cautionary_tale/onp2x1r/,random
onnao95,He’s bad. Not *the worst* but very bad. His hustle makes up for some of it but he’s bbq chicken vs most matchups.,nba,"Donovan Mitchell should be a cautionary tale against ""score-only"" guards",discussion,1,1779646855,https://www.reddit.com/r/nba/comments/1tmdotq/donovan_mitchell_should_be_a_cautionary_tale/onnao95/,random
onm9tfa,The fact that you keep pointing to just assist number on paper and insisting they tell the whole story makes *you* sound dumb lol,nba,"Donovan Mitchell should be a cautionary tale against ""score-only"" guards",discussion,5,1779636553,https://www.reddit.com/r/nba/comments/1tmdotq/donovan_mitchell_should_be_a_cautionary_tale/onm9tfa/,random
onm4yaa,"I’m just stating how they can be skewed. Also yes, just 2 years ago the nuggets literally ran Jokic for 80% of his minutes with AT LEAST 3 other starters on the court outside of him. I’m not saying NBA rotations are always the same, but on/off is a metric that needs substance behind it because some stars get a lot of their minutes with bench guys, and other stars are almost exclusively ran with the starting lineup",nba,"Donovan Mitchell should be a cautionary tale against ""score-only"" guards",discussion,0,1779635140,https://www.reddit.com/r/nba/comments/1tmdotq/donovan_mitchell_should_be_a_cautionary_tale/onm4yaa/,random
onq440w,It was literally just because he's American. It's tough for them to go from Lebron to ..nothing.,nba,"[NBA Communications] Full 2025-26 All-NBA Voting Results - SGA and Jokic were the only two unanimous first team players (1 second team vote for Wemby, 9 for Doncic)",discussion,2,1779681114,https://www.reddit.com/r/nba/comments/1tms355/nba_communications_full_202526_allnba_voting/onq440w/,random
onp5ur6,"Zach doesn’t have a vote, and Zach said he thought castle all nba was a great pick.",nba,"[NBA Communications] Full 2025-26 All-NBA Voting Results - SGA and Jokic were the only two unanimous first team players (1 second team vote for Wemby, 9 for Doncic)",discussion,1,1779668433,https://www.reddit.com/r/nba/comments/1tms355/nba_communications_full_202526_allnba_voting/onp5ur6/,random
onp8z60,coop all nba vote streak starts now ‼️,nba,"[NBA Communications] Full 2025-26 All-NBA Voting Results - SGA and Jokic were the only two unanimous first team players (1 second team vote for Wemby, 9 for Doncic)",discussion,0,1779669559,https://www.reddit.com/r/nba/comments/1tms355/nba_communications_full_202526_allnba_voting/onp8z60/,random
onp6m0o,Shows you how many of these voters don’t watch or know ball,nba,"[NBA Communications] Full 2025-26 All-NBA Voting Results - SGA and Jokic were the only two unanimous first team players (1 second team vote for Wemby, 9 for Doncic)",discussion,-1,1779668709,https://www.reddit.com/r/nba/comments/1tms355/nba_communications_full_202526_allnba_voting/onp6m0o/,random
onphbgk,he'll get the $44mil max as an RFA...and DET will match,nba,"[NBA Communications] Full 2025-26 All-NBA Voting Results - SGA and Jokic were the only two unanimous first team players (1 second team vote for Wemby, 9 for Doncic)",discussion,6,1779672503,https://www.reddit.com/r/nba/comments/1tms355/nba_communications_full_202526_allnba_voting/onphbgk/,random
onv6ke4,Half the ppl clamouring about Barnes on all NBA teams did not watch the Raptors regular season at all and only watched the series against the cavs. Barnes showed what he could be now he has to be that player for 82 games,nba,"[NBA Communications] Full 2025-26 All-NBA Voting Results - SGA and Jokic were the only two unanimous first team players (1 second team vote for Wemby, 9 for Doncic)",discussion,1,1779747127,https://www.reddit.com/r/nba/comments/1tms355/nba_communications_full_202526_allnba_voting/onv6ke4/,random
onpcuca,would hate to see where the rockets are without him if he tries to leave this year,nba,"[NBA Communications] Full 2025-26 All-NBA Voting Results - SGA and Jokic were the only two unanimous first team players (1 second team vote for Wemby, 9 for Doncic)",discussion,3,1779670905,https://www.reddit.com/r/nba/comments/1tms355/nba_communications_full_202526_allnba_voting/onpcuca/,random
onpbzg4,It’s pretty cool that the top four First Team are international players.,nba,"[NBA Communications] Full 2025-26 All-NBA Voting Results - SGA and Jokic were the only two unanimous first team players (1 second team vote for Wemby, 9 for Doncic)",discussion,2,1779670609,https://www.reddit.com/r/nba/comments/1tms355/nba_communications_full_202526_allnba_voting/onpbzg4/,random
onsitw5,Well that’s simply not true lmfao but ok.,nba,[Charania] 2025-26 All-NBA teams:,news,0,1779719137,https://www.reddit.com/r/nba/comments/1tmrly4/charania_202526_allnba_teams/onsitw5/,random
onsgxdq,"I mean, I think both those takes are fairly reasonable? OG has all the right tools, and had shown enough for you to believe he’d be worth a big contract, but he also wasn’t consistent on offense. Siakim is still a limited offensive player. Both are really good players, but they’re sorta in the world of worth their big contract, and not worth a lot more than their big contract.",nba,[Charania] 2025-26 All-NBA teams:,news,1,1779718569,https://www.reddit.com/r/nba/comments/1tmrly4/charania_202526_allnba_teams/onsgxdq/,random
onsfibi,I said over the next 5 years. The assumption is that he reaches that level in 5 years or so and is part of the next generation. And there will be other players unknown right now that will surpass Luka as well. So nothing changes: Luka Doncic will never be the MVP.,nba,[Charania] 2025-26 All-NBA teams:,news,0,1779718141,https://www.reddit.com/r/nba/comments/1tmrly4/charania_202526_allnba_teams/onsfibi/,random
onuwxoc,That one player is 22 with room to grow and the other is 27 and is who he is. That’s my point.,nba,[Charania] 2025-26 All-NBA teams:,news,1,1779744059,https://www.reddit.com/r/nba/comments/1tmrly4/charania_202526_allnba_teams/onuwxoc/,random
oo363e5,It’s not because you commented without reading the actual discussion as the topic shifted lol,nba,[Charania] 2025-26 All-NBA teams:,news,1,1779845918,https://www.reddit.com/r/nba/comments/1tmrly4/charania_202526_allnba_teams/oo363e5/,random
onv0cua,So you think 30-40 million for that production is as valuable as 8 million for Ayton’s production? Just trying to be clear here.,nba,[Charania] 2025-26 All-NBA teams:,news,1,1779745129,https://www.reddit.com/r/nba/comments/1tmrly4/charania_202526_allnba_teams/onv0cua/,random
ontee14,americans are disgusting people,nba,[Charania] 2025-26 All-NBA teams:,news,1,1779728151,https://www.reddit.com/r/nba/comments/1tmrly4/charania_202526_allnba_teams/ontee14/,random
onshsrw,cade is a tier above brunson at this point sorry buddy,nba,[Charania] 2025-26 All-NBA teams:,news,0,1779718830,https://www.reddit.com/r/nba/comments/1tmrly4/charania_202526_allnba_teams/onshsrw/,random
onmtjh1,"This is revionist. The team set up was good, but the actual players wouldnt have held up 3-4 years. Most were already older. Kyrie hasn't held up well and really, neither has Luka. You cant base your team around heliocentric offensive players that miss a ton of games.",nba,[Highlight] 2 years ago Luka hits the game winning three over Gobert to give the Mavs a 2-0 lead in the WCF.,highlight,-2,1779642072,https://www.reddit.com/r/nba/comments/1tmdwrt/highlight_2_years_ago_luka_hits_the_game_winning/onmtjh1/,random
onngo3o,"2024 and 2025 mavs are the best teams he's ever had, the lakers are a long long way to even getting to that level. No real assets, need real wing defenders, a second option, and actual rim protectors. Nico set his career back years.",nba,[Highlight] 2 years ago Luka hits the game winning three over Gobert to give the Mavs a 2-0 lead in the WCF.,highlight,1,1779648620,https://www.reddit.com/r/nba/comments/1tmdwrt/highlight_2_years_ago_luka_hits_the_game_winning/onngo3o/,random
onmjicz,I’m glad you added “accidentally.” Don’t let the world forget Nico wanted Kuzma instead of PJ,nba,[Highlight] 2 years ago Luka hits the game winning three over Gobert to give the Mavs a 2-0 lead in the WCF.,highlight,14,1779639262,https://www.reddit.com/r/nba/comments/1tmdwrt/highlight_2_years_ago_luka_hits_the_game_winning/onmjicz/,random
onmwod0,"I disagree. Dallas was built for the playoffs. The regular season, they’d probably be far off the pace as a 3/4 seed. But, they’d have the arguably the best half court offense and defensively, they’re stout. OKC is a obv different beast, but that Mavs team matches up with them quite well and you can rely Luka + Kyrie to get things done in crunch time.",nba,[Highlight] 2 years ago Luka hits the game winning three over Gobert to give the Mavs a 2-0 lead in the WCF.,highlight,4,1779642919,https://www.reddit.com/r/nba/comments/1tmdwrt/highlight_2_years_ago_luka_hits_the_game_winning/onmwod0/,random
onn2xfk,Luka is modern Allen Iverson,nba,[Highlight] 2 years ago Luka hits the game winning three over Gobert to give the Mavs a 2-0 lead in the WCF.,highlight,-3,1779644649,https://www.reddit.com/r/nba/comments/1tmdwrt/highlight_2_years_ago_luka_hits_the_game_winning/onn2xfk/,random
onn0vss,I was so pissed when he hit this shot.,nba,[Highlight] 2 years ago Luka hits the game winning three over Gobert to give the Mavs a 2-0 lead in the WCF.,highlight,1,1779644077,https://www.reddit.com/r/nba/comments/1tmdwrt/highlight_2_years_ago_luka_hits_the_game_winning/onn0vss/,random
onn3do3,“Lets get this fatty out of here” \-Nico,nba,[Highlight] 2 years ago Luka hits the game winning three over Gobert to give the Mavs a 2-0 lead in the WCF.,highlight,1,1779644774,https://www.reddit.com/r/nba/comments/1tmdwrt/highlight_2_years_ago_luka_hits_the_game_winning/onn3do3/,random
onmfoey,That’s a joke. We went from rebuilding from like 2017 to finally build a team around Luka to then start the whole fucking tanking process again. Who knows if we even make the playoffs next year.,nba,[Highlight] 2 years ago Luka hits the game winning three over Gobert to give the Mavs a 2-0 lead in the WCF.,highlight,7,1779638180,https://www.reddit.com/r/nba/comments/1tmdwrt/highlight_2_years_ago_luka_hits_the_game_winning/onmfoey/,random
onn4tdu,I'M!!!!!! 2 DAYS INTO COLLEGE AND I'M 3 LECTURES BEHIND!!!! THERE'S THIS GUY! LET'S NAME HIM COLLIN!!!!!,nba,[Highlight] Thunder fans singing along to Jared McCains theme song at watch party after game 3 win!,highlight,9,1779645176,https://www.reddit.com/r/nba/comments/1tmgwd1/highlight_thunder_fans_singing_along_to_jared/onn4tdu/,random
ono9n7a,"I have locks rn lol, I’m saying comparing them to birds nest do sound racist🤷🏿",nba,[Highlight] Thunder fans singing along to Jared McCains theme song at watch party after game 3 win!,highlight,0,1779657345,https://www.reddit.com/r/nba/comments/1tmgwd1/highlight_thunder_fans_singing_along_to_jared/ono9n7a/,random
onnsxdj,You just spammed me with 3 replies but I’m the emotional one? 17th when I graduated btw,nba,[Highlight] Thunder fans singing along to Jared McCains theme song at watch party after game 3 win!,highlight,3,1779652307,https://www.reddit.com/r/nba/comments/1tmgwd1/highlight_thunder_fans_singing_along_to_jared/onnsxdj/,random
onnr0jc,Let me know if I need to shorten it for you so it’s easy to read with that education of yours,nba,[Highlight] Thunder fans singing along to Jared McCains theme song at watch party after game 3 win!,highlight,-1,1779651728,https://www.reddit.com/r/nba/comments/1tmgwd1/highlight_thunder_fans_singing_along_to_jared/onnr0jc/,random
onnop67,DennisReynoldsSeething.gif,nba,[Highlight] Thunder fans singing along to Jared McCains theme song at watch party after game 3 win!,highlight,2,1779651021,https://www.reddit.com/r/nba/comments/1tmgwd1/highlight_thunder_fans_singing_along_to_jared/onnop67/,random
onn1ezn,"If you run into one asshole a day, you ran into an asshole. If you keep running into assholes you’re the asshole.",nba,[Highlight] Thunder fans singing along to Jared McCains theme song at watch party after game 3 win!,highlight,14,1779644227,https://www.reddit.com/r/nba/comments/1tmgwd1/highlight_thunder_fans_singing_along_to_jared/onn1ezn/,random
onoirc4,I think the idea that men should be completely feminized has more to do with the problem than not wanting to do a tik tok dance,nba,[Highlight] Thunder fans singing along to Jared McCains theme song at watch party after game 3 win!,highlight,-4,1779660286,https://www.reddit.com/r/nba/comments/1tmgwd1/highlight_thunder_fans_singing_along_to_jared/onoirc4/,random
onoihwu,I don’t think you understand how men work. Like the idea that masculinity is toxic because we don’t cry on each other’s shoulders like girls…we don’t need to! Thats not how men operate,nba,[Highlight] Thunder fans singing along to Jared McCains theme song at watch party after game 3 win!,highlight,-1,1779660196,https://www.reddit.com/r/nba/comments/1tmgwd1/highlight_thunder_fans_singing_along_to_jared/onoihwu/,random
oro5z7d,"Lol I'm just saying he was the best player on a championship team, which is a feat that always reduces criticism. If Luka had a championship his perceived lack of defense wouldn't get ridiculed as much. Not sure why you can't comprehend this.",nba,The Luka Doncic Disrespect online has gotten out of hand. Hes been very unlucky,discussion,2,1781471759,https://www.reddit.com/r/nba/comments/1u5wcb4/the_luka_doncic_disrespect_online_has_gotten_out/oro5z7d/,random
oro5y5k,Imagine being a Mavs fan lmao,nba,The Luka Doncic Disrespect online has gotten out of hand. Hes been very unlucky,discussion,2,1781471750,https://www.reddit.com/r/nba/comments/1u5wcb4/the_luka_doncic_disrespect_online_has_gotten_out/oro5y5k/,random
oroecst,Congrats on winning the chip. One hell of a run.,nba,The Luka Doncic Disrespect online has gotten out of hand. Hes been very unlucky,discussion,1,1781474344,https://www.reddit.com/r/nba/comments/1u5wcb4/the_luka_doncic_disrespect_online_has_gotten_out/oroecst/,random
orog3pi,"I fully agree with you. Wen I watch Luka I see masterfully scoring, but that's really it. He's a bad leader and he's been in the league long enough that he has no excuse why he's still a bad leader. His mood changes too much to hold his team steady, esp when he shots aren't going in. Doesn't show effort on def or off ball, takes too many shots in the first quarter. You should get your teammates in a rhythm first when you know you're going to get yours. Too many times I've seen Luka take 10+ shots in the first alone. He can be so much better with a different mindset.",nba,The Luka Doncic Disrespect online has gotten out of hand. Hes been very unlucky,discussion,1,1781474893,https://www.reddit.com/r/nba/comments/1u5wcb4/the_luka_doncic_disrespect_online_has_gotten_out/orog3pi/,random
orogvxe,"Well, Im obviously trolling, but it is just funny how OP is defending Luka on just being ""unlucky"".",nba,The Luka Doncic Disrespect online has gotten out of hand. Hes been very unlucky,discussion,1,1781475146,https://www.reddit.com/r/nba/comments/1u5wcb4/the_luka_doncic_disrespect_online_has_gotten_out/orogvxe/,random
orq5w8u,There aren't really any good defensive metrics.,nba,The Luka Doncic Disrespect online has gotten out of hand. Hes been very unlucky,discussion,1,1781496849,https://www.reddit.com/r/nba/comments/1u5wcb4/the_luka_doncic_disrespect_online_has_gotten_out/orq5w8u/,random
orppca8,"Yes there is a leadership element to defense but I wouldn't say that is what killed the 24 mavs, Luka's defensive weaknesses aren't ""destructive"" in comparison to Brunson.",nba,The Luka Doncic Disrespect online has gotten out of hand. Hes been very unlucky,discussion,2,1781490697,https://www.reddit.com/r/nba/comments/1u5wcb4/the_luka_doncic_disrespect_online_has_gotten_out/orppca8/,random
oro6y3t,"The problem with Luka is that he hasn't had a healthy postseason run since 2022. You can call it unfair since it's due to factors outside his control, but health is a legitimate problem with Luka that's held him back from achieving more, whereas Brunson has been much more consistently healthy. It's the same with Giannis, who hasn't made it out of the first round since 2022 largely because of his own struggles with staying healthy.",nba,The Luka Doncic Disrespect online has gotten out of hand. Hes been very unlucky,discussion,8,1781472053,https://www.reddit.com/r/nba/comments/1u5wcb4/the_luka_doncic_disrespect_online_has_gotten_out/oro6y3t/,random
os0jlv0,That man is married with 3 kids. He gone gone.,nba,"Landry Shamet, Mitchell Robinson and Jose Alvarado are free agents. What do you predict the Knicks do, given their cap situation?",discussion,2,1781628060,https://www.reddit.com/r/nba/comments/1u5xcn3/landry_shamet_mitchell_robinson_and_jose_alvarado/os0jlv0/,random
oroy7xv,That’s mark Williams. Robert Williams is Celtics old center that’s in Portland now.,nba,"Landry Shamet, Mitchell Robinson and Jose Alvarado are free agents. What do you predict the Knicks do, given their cap situation?",discussion,7,1781481136,https://www.reddit.com/r/nba/comments/1u5xcn3/landry_shamet_mitchell_robinson_and_jose_alvarado/oroy7xv/,random
ororvay,Mitch has not been very good these playoffs unfortunately don’t see him staying. Shamet will prob get a bag elsewhere deservedly so Jose’s gotta stayyyy,nba,"Landry Shamet, Mitchell Robinson and Jose Alvarado are free agents. What do you predict the Knicks do, given their cap situation?",discussion,1,1781478897,https://www.reddit.com/r/nba/comments/1u5xcn3/landry_shamet_mitchell_robinson_and_jose_alvarado/ororvay/,random
oroo28s,they need to keep Mitch because he is the only big that I trust to buoy the lineup when KAT inevitably gets into foul trouble.,nba,"Landry Shamet, Mitchell Robinson and Jose Alvarado are free agents. What do you predict the Knicks do, given their cap situation?",discussion,3,1781477573,https://www.reddit.com/r/nba/comments/1u5xcn3/landry_shamet_mitchell_robinson_and_jose_alvarado/oroo28s/,random
oroorfh,"They should all cash out. They have a ring, they have championship run experience, get the bag.",nba,"Landry Shamet, Mitchell Robinson and Jose Alvarado are free agents. What do you predict the Knicks do, given their cap situation?",discussion,1,1781477814,https://www.reddit.com/r/nba/comments/1u5xcn3/landry_shamet_mitchell_robinson_and_jose_alvarado/oroorfh/,random
orom3jk,"Unless your big man is an absolute superstar, it’s good to have two serviceable centres. Gives the young guy someone to show him along and the battle for minutes will only make both better with time.",nba,"Landry Shamet, Mitchell Robinson and Jose Alvarado are free agents. What do you predict the Knicks do, given their cap situation?",discussion,4,1781476898,https://www.reddit.com/r/nba/comments/1u5xcn3/landry_shamet_mitchell_robinson_and_jose_alvarado/orom3jk/,random
oroo74r,I sew the meeting mitch walk and going with Huckporti,nba,"Landry Shamet, Mitchell Robinson and Jose Alvarado are free agents. What do you predict the Knicks do, given their cap situation?",discussion,1,1781477618,https://www.reddit.com/r/nba/comments/1u5xcn3/landry_shamet_mitchell_robinson_and_jose_alvarado/oroo74r/,random
orp43s1,Mitch will be priority backup but we likely won’t overpay and Mitch will also likely accept some lower money to come back (hopefully) Glad we got GTA and Shamet for this ride but I’m interested to see who else is available in free agency this offseason before we commit This is the least offseason pressure the Knicks have felt in decades,nba,"Landry Shamet, Mitchell Robinson and Jose Alvarado are free agents. What do you predict the Knicks do, given their cap situation?",discussion,1,1781483236,https://www.reddit.com/r/nba/comments/1u5xcn3/landry_shamet_mitchell_robinson_and_jose_alvarado/orp43s1/,random
orpq62c,"you have to be able to afford it. When they pay wemby/castle/Harper, they won’t be able to afford anything else. they just made a huge mistake in acquiring fox. And they won’t be able to get off of it",nba,Let's ask the obvious question: What do Wemby and the Spurs need to improve over the offseason? Would love to hear y'all's thoughts.,discussion,1,1781490997,https://www.reddit.com/r/nba/comments/1u603oc/lets_ask_the_obvious_question_what_do_wemby_and/orpq62c/,random
ounlupm,"imagine his body develops like Giannis, slow and steady",nba,Let's ask the obvious question: What do Wemby and the Spurs need to improve over the offseason? Would love to hear y'all's thoughts.,discussion,1,1782799944,https://www.reddit.com/r/nba/comments/1u603oc/lets_ask_the_obvious_question_what_do_wemby_and/ounlupm/,random
orr50nl,"They need to get better offense in order to close games, wemby playing on the perimeter aint gonna cut it",nba,Let's ask the obvious question: What do Wemby and the Spurs need to improve over the offseason? Would love to hear y'all's thoughts.,discussion,1,1781513656,https://www.reddit.com/r/nba/comments/1u603oc/lets_ask_the_obvious_question_what_do_wemby_and/orr50nl/,random
orrwpcg,The Spurs were playing a team that's great at rebounding and trotted out a lineup with 4 guards and Wemby. Of course rebounding was going to be an issue.,nba,Let's ask the obvious question: What do Wemby and the Spurs need to improve over the offseason? Would love to hear y'all's thoughts.,discussion,2,1781525989,https://www.reddit.com/r/nba/comments/1u603oc/lets_ask_the_obvious_question_what_do_wemby_and/orrwpcg/,random
oroww9l,"Just mature. Don't have dumb turnovers, don't think you've won the game before you actually did, don't think you've won the title before you actually did.",nba,Let's ask the obvious question: What do Wemby and the Spurs need to improve over the offseason? Would love to hear y'all's thoughts.,discussion,7,1781480667,https://www.reddit.com/r/nba/comments/1u603oc/lets_ask_the_obvious_question_what_do_wemby_and/oroww9l/,random
orpecr1,why would that be ironic tho. every team would love to have a Draymond who's a certified DAWG and winner,nba,Let's ask the obvious question: What do Wemby and the Spurs need to improve over the offseason? Would love to hear y'all's thoughts.,discussion,1,1781486833,https://www.reddit.com/r/nba/comments/1u603oc/lets_ask_the_obvious_question_what_do_wemby_and/orpecr1/,random
oroxmkb,He’s been working with Hakeem Olajuwon on over the summers. I don’t think it/he gets any better than that. He just needs some time.,nba,Let's ask the obvious question: What do Wemby and the Spurs need to improve over the offseason? Would love to hear y'all's thoughts.,discussion,2,1781480926,https://www.reddit.com/r/nba/comments/1u603oc/lets_ask_the_obvious_question_what_do_wemby_and/oroxmkb/,random
orox85f,Really think they gotta pair him up with another big. Someone like Steven Adams would be perfect next to Wemby.,nba,Let's ask the obvious question: What do Wemby and the Spurs need to improve over the offseason? Would love to hear y'all's thoughts.,discussion,9,1781480784,https://www.reddit.com/r/nba/comments/1u603oc/lets_ask_the_obvious_question_what_do_wemby_and/orox85f/,random
orp7mxm,A Wemby to AG long would be fun.,nba,[Stein] The Nuggets are known to be determined to re-sign their restricted free agent-to-be Peyton Watson this summer but have been searching for a trade or two first that generates more financial flexibility. I'm told Aaron Gordon is the Denver veteran drawing the strongest external trade interest.,news,3,1781484479,https://www.reddit.com/r/nba/comments/1u5zczf/stein_the_nuggets_are_known_to_be_determined_to/orp7mxm/,random
osb2edt,Max contracts are breaking teams up. Value driven contracts are everyone’s priority now that the new CBA has hit.,nba,[Stein] The Nuggets are known to be determined to re-sign their restricted free agent-to-be Peyton Watson this summer but have been searching for a trade or two first that generates more financial flexibility. I'm told Aaron Gordon is the Denver veteran drawing the strongest external trade interest.,news,1,1781750057,https://www.reddit.com/r/nba/comments/1u5zczf/stein_the_nuggets_are_known_to_be_determined_to/osb2edt/,random
oroydhk,Good one. Definitely sounds like something a teenager would say. Go pick your toys up and make your bed for mommy.,nba,[Stein] The Nuggets are known to be determined to re-sign their restricted free agent-to-be Peyton Watson this summer but have been searching for a trade or two first that generates more financial flexibility. I'm told Aaron Gordon is the Denver veteran drawing the strongest external trade interest.,news,2,1781481192,https://www.reddit.com/r/nba/comments/1u5zczf/stein_the_nuggets_are_known_to_be_determined_to/oroydhk/,random
orrjckh,Idk about that. He’s not on the level of OG. Aaron Gordon is also making 30+ million and he’s north of 30 and played less than 90 games combined the last 2 seasons,nba,[Stein] The Nuggets are known to be determined to re-sign their restricted free agent-to-be Peyton Watson this summer but have been searching for a trade or two first that generates more financial flexibility. I'm told Aaron Gordon is the Denver veteran drawing the strongest external trade interest.,news,-1,1781520766,https://www.reddit.com/r/nba/comments/1u5zczf/stein_the_nuggets_are_known_to_be_determined_to/orrjckh/,random
ors8hya,Nuggets about to get Klutched,nba,[Stein] The Nuggets are known to be determined to re-sign their restricted free agent-to-be Peyton Watson this summer but have been searching for a trade or two first that generates more financial flexibility. I'm told Aaron Gordon is the Denver veteran drawing the strongest external trade interest.,news,1,1781529824,https://www.reddit.com/r/nba/comments/1u5zczf/stein_the_nuggets_are_known_to_be_determined_to/ors8hya/,random
orow1kh,"Let me break this down for you. You said: >Why would the Lakers trade for AG? If the Lakers could trade DK for AG they would because AG is an elite role-player. You said: >*If he could do what they needed the Nuggets wouldn't be looking to trade him.* You are wrong here by all accounts. The Nuggets are looking for financial flexibility which can be accomplished by making some trades. AG is the Nuggets player that Non-Nuggets teams have shown the most interest in. The Lakers happen to be a Non-Nuggets team. They have been actively interested in trading DK away since the year before last. The Nuggets would prefer to trade Christian Braun over AG, but at the end of the day, they are still looking for flexibility to sign their younger star, PWat. Someone suggesting that the Lakers and Nuggets put together a trade deal involving AD and DK is completely within the realm of possibility. It would be a boon for the Lakers. That's my point.",nba,[Stein] The Nuggets are known to be determined to re-sign their restricted free agent-to-be Peyton Watson this summer but have been searching for a trade or two first that generates more financial flexibility. I'm told Aaron Gordon is the Denver veteran drawing the strongest external trade interest.,news,1,1781480365,https://www.reddit.com/r/nba/comments/1u5zczf/stein_the_nuggets_are_known_to_be_determined_to/orow1kh/,random
orowvbo,I realized that after writing the essay.,nba,[Stein] The Nuggets are known to be determined to re-sign their restricted free agent-to-be Peyton Watson this summer but have been searching for a trade or two first that generates more financial flexibility. I'm told Aaron Gordon is the Denver veteran drawing the strongest external trade interest.,news,1,1781480658,https://www.reddit.com/r/nba/comments/1u5zczf/stein_the_nuggets_are_known_to_be_determined_to/orowvbo/,random
orxcx32,Thread from the moment it was signed: https://www.reddit.com/r/nba/comments/1obpo0z/charania_denver_nuggets_guard_christian_braun_has/ Not a single top comment thought it was stupid.,nba,[Stein] The Nuggets are known to be determined to re-sign their restricted free agent-to-be Peyton Watson this summer but have been searching for a trade or two first that generates more financial flexibility. I'm told Aaron Gordon is the Denver veteran drawing the strongest external trade interest.,news,2,1781585095,https://www.reddit.com/r/nba/comments/1u5zczf/stein_the_nuggets_are_known_to_be_determined_to/orxcx32/,random
nyyl6si,"That's part of the problem though, he's 25 and 4/6 seasons previous to this he's played 30 games or less including a full missed season. Even AD who everyone bags on for being always injured has never played less than 36. New Orleans has never been able to build anything, not because of his lack of skill but the uncertainty around his availability and still treating him like the main star.",nba,"In my whole life of being a basketball fan, I was most excited for Zion Williamson’s career. And he turned out to be a total lemon.",discussion,7,1768133821,https://www.reddit.com/r/nba/comments/1q9vsri/in_my_whole_life_of_being_a_basketball_fan_i_was/nyyl6si/,topup_analysis
nyyp748,"I don’t know if he just plays bad against us, but I am absolutely appalled at LaMelo’s game every time I watch him face the Raptors. Just lazily launching from range like it’s the all-star game and bricking most of the time",nba,"In my whole life of being a basketball fan, I was most excited for Zion Williamson’s career. And he turned out to be a total lemon.",discussion,0,1768135694,https://www.reddit.com/r/nba/comments/1q9vsri/in_my_whole_life_of_being_a_basketball_fan_i_was/nyyp748/,topup_analysis
nyylfgc,"Yeah, Zion at 260 in high school senior was doing 360-between-the-legs dunks. He was still a beast in the NBA too, he averaged 29 and 8 per-36 as a rookie. He just can't stay healthy. Maybe he eats too much and puts on too much weight, maybe his metabolism is freaky, maybe joints can't take that much force at that much weight.",nba,"In my whole life of being a basketball fan, I was most excited for Zion Williamson’s career. And he turned out to be a total lemon.",discussion,2,1768133937,https://www.reddit.com/r/nba/comments/1q9vsri/in_my_whole_life_of_being_a_basketball_fan_i_was/nyylfgc/,topup_analysis
nyyb90h,I’ll never forget when I accidentally got him as an auto draft one year. This mfer didn’t play a single game the whole year and was ramping up literally every week so it took about half the season until I actually dropped him,nba,"In my whole life of being a basketball fan, I was most excited for Zion Williamson’s career. And he turned out to be a total lemon.",discussion,8,1768128594,https://www.reddit.com/r/nba/comments/1q9vsri/in_my_whole_life_of_being_a_basketball_fan_i_was/nyyb90h/,topup_analysis
nyylxxw,I don't think you understand the difference in weight and height we're talking about here. Luka has like 5 inches and 30-40 lbs on him. If you change Luka to a normal human height he'd be 5'9 170 and Schroder would be like 5'4 137.,nba,Dennis Schroder subtly admitting to beating up Luka Doncic,discussion,6,1768134187,https://www.reddit.com/r/nba/comments/1q9veud/dennis_schroder_subtly_admitting_to_beating_up/nyylxxw/,topup_analysis
nz29g6x,"What exactly is ""German ethnicity""? You realize this is not an actual scientific category, right? His dad was born in Germany. He was born in Germany. He grew up in Germany. He speaks German. His surname is from the German language. He has German citizenship. He plays for the German national team. I'm not sure how much more German he needs to be to be accepted as German? Everyone in Germany came from Africa originally, since that's where all humans come from. This ""pure blood German"" stuff is pseudoscientific nonsense that only Nazis obsess over. And it isn't relevant to the conversation at hand.",nba,Dennis Schroder subtly admitting to beating up Luka Doncic,discussion,3,1768173564,https://www.reddit.com/r/nba/comments/1q9veud/dennis_schroder_subtly_admitting_to_beating_up/nz29g6x/,topup_analysis
nyyquf5,Shows the state the sub is in if people seriously believe Dennis Schroeder is anything but a clown. Any attempt to “wait for a player” after the game is pure clown behavior. What kind of person doesn’t have control over their emotions that they don’t calm down in that time?,nba,Dennis Schroder subtly admitting to beating up Luka Doncic,discussion,18,1768136411,https://www.reddit.com/r/nba/comments/1q9veud/dennis_schroder_subtly_admitting_to_beating_up/nyyquf5/,topup_analysis
nzjn06j,"Let’s say I’m playing a sport with this bully, he calls me a bitch after scoring on me. The second I get a stop on him or score on him I’ll call him a bitch back, then leave it on the court not think about it for hours and try to fight him. And if I can’t score on him the whole game or get a single stop quite frankly he’s allowed to call me that.",nba,Dennis Schroder subtly admitting to beating up Luka Doncic,discussion,1,1768401507,https://www.reddit.com/r/nba/comments/1q9veud/dennis_schroder_subtly_admitting_to_beating_up/nzjn06j/,topup_analysis
nz2kw73,"I was curious so I checked. Obviously VORP isn't a foolproof metric, but this season he's the 68th ranked PG in the NBA by VORP, behind players like Kris Dunn (30th), Trae Young (31st), Bones Hyland (35th), Jevon Carter (47th), Kyle Lowry (53rd) and Monte Morris (62nd). By VORP he's ranked 421 overall.",nba,"[Mannix] “Just like the marketplace for Trae Young dried up to the point where you could acquire him for CJ McCollum and Cory Kispert, I don’t think the market for Ja Morant is anything beyond matching salary and maybe some filler.”",discussion,15,1768177090,https://www.reddit.com/r/nba/comments/1qa3b9d/mannix_just_like_the_marketplace_for_trae_young/nz2kw73/,topup_analysis
nz2coli,"I don't hate it for the Bucks because on draft night they have access to 3 picks and a swap, but they won't have any contracts to make trades with. So, if they can't make a trade for a wing that will help them now, a Kuzma, KPJ, and Gary Harris trade for Ja is low risk, high reward. If a change of scenery and Giannis get him back to his past self, awesome. Either his fit with Giannis works better than expected and it's a steal--or he recoups some value and they have a positive 42m contract to trade. Or he continues on the path he's on and he can be used for contract matching on draft night with some valuable picks. Because if the Bucks don't do anything, they'll have Turner on 25m, Kuzma on 20m, Bobby on 14m, and AJ Green on 11m as their only tradeable contracts when they can access their 26 and 33 1sts to trade. But I would rather they try to get a wing. But if on deadline day that deal doesn't materialize, I don't hate a Ja trade.",nba,"[Mannix] “Just like the marketplace for Trae Young dried up to the point where you could acquire him for CJ McCollum and Cory Kispert, I don’t think the market for Ja Morant is anything beyond matching salary and maybe some filler.”",discussion,1,1768174583,https://www.reddit.com/r/nba/comments/1qa3b9d/mannix_just_like_the_marketplace_for_trae_young/nz2coli/,topup_analysis
nz1p9zb,"I don’t think it’s as different as you think. Ja has been a broken player for awhile. And let’s say somebody like Minnesota does decide to take a flier on Ja. The fact that he’s a negative asset on that contract means that there is no bidding war for him, and therefore the Wolves would have no reason to put any real assets in the trade. Memphis will have no leverage if/when they trade him. A bunch of players signed max-ish contracts a few years ago that have put their teams in the same position as someone who’s upside down on a home mortgage. The market has collapsed but they still owe all the money.",nba,"[Mannix] “Just like the marketplace for Trae Young dried up to the point where you could acquire him for CJ McCollum and Cory Kispert, I don’t think the market for Ja Morant is anything beyond matching salary and maybe some filler.”",discussion,2,1768167659,https://www.reddit.com/r/nba/comments/1qa3b9d/mannix_just_like_the_marketplace_for_trae_young/nz1p9zb/,topup_analysis
nz399ng,"Yes, the difference in our play wasn’t minor. It was the difference between top 2 and bottom feeder. Bane is a decent third option in a serious team, but he’s never going to be nor has he ever been a winning first option",nba,"[Mannix] “Just like the marketplace for Trae Young dried up to the point where you could acquire him for CJ McCollum and Cory Kispert, I don’t think the market for Ja Morant is anything beyond matching salary and maybe some filler.”",discussion,1,1768184678,https://www.reddit.com/r/nba/comments/1qa3b9d/mannix_just_like_the_marketplace_for_trae_young/nz399ng/,topup_analysis
nz0fpr4,"Well the reporter was really asking if there were any times where he was felt like there was a lack of effort, not just why he called a timeout in that situation. He could have just said “the timeout wasn’t out of frustration with effort, rather just regrouping and refocusing the guys on getting boards. I felt like our guys fought hard all 48 minutes tonight.”",nba,"Joe Mazzulla when a reporter asked him why he called a timeout: ""You just asked that like it was a therapy question. We just gave up two rebounds. It's why I called timeout.""",discussion,0,1768155324,https://www.reddit.com/r/nba/comments/1q9zoqo/joe_mazzulla_when_a_reporter_asked_him_why_he/nz0fpr4/,topup_analysis
nz0wt2k,"oh c'mon, Bobby's not terrible he's just a giant dork. His X's and O's knowledge is totally serviceable and his takes are fine/valid. He was ahead on the value of Luke Kornet-bring-decent thing by several months and he's got a decent pulse of the team. Joe hates him the way he hates Jake Simone, and in the way he loves Noa Dazell, i.e. it's mostly Joe meme'ing. The CLNS media team put out a great, free post-game on YouTube every single game, I don't know how a fan can get that kind of access from a bunch of beat reporters and be salty about it",nba,"Joe Mazzulla when a reporter asked him why he called a timeout: ""You just asked that like it was a therapy question. We just gave up two rebounds. It's why I called timeout.""",discussion,47,1768159820,https://www.reddit.com/r/nba/comments/1q9zoqo/joe_mazzulla_when_a_reporter_asked_him_why_he/nz0wt2k/,topup_analysis
nz2i1vw,">There's no nation that I trust more in space warfare than the nation that was out equipped in every war they fought and didn't lose once. I guess you could say they are a resilient people (which would fade as generations became more spoiled IMO), but I'm sure their familiarity with the terrain heavily contributed towards those wins. I don't see how that would translate to open space or any war of aggression.",nba,"Joe Mazzulla when a reporter asked him why he called a timeout: ""You just asked that like it was a therapy question. We just gave up two rebounds. It's why I called timeout.""",discussion,3,1768176240,https://www.reddit.com/r/nba/comments/1q9zoqo/joe_mazzulla_when_a_reporter_asked_him_why_he/nz2i1vw/,topup_analysis
nz0rhvh,"Well the reporter got an answer to his poor question. He answered the long winded close-ended question about frustration by saying simply saying ""No"". then said why he called the timeout ""we gave up two rebounds so I called time out"". He doesn't owe a poor question an in depth answer. He should have asked a leading question instead of a closed ended question if he didnt want a yes or no answer. Any closed ended question can be answered ""yes"" or ""no"". Thats more on the reporter for a poor question",nba,"Joe Mazzulla when a reporter asked him why he called a timeout: ""You just asked that like it was a therapy question. We just gave up two rebounds. It's why I called timeout.""",discussion,12,1768158390,https://www.reddit.com/r/nba/comments/1q9zoqo/joe_mazzulla_when_a_reporter_asked_him_why_he/nz0rhvh/,topup_analysis
o4dlq7z,"I remember a late-night game at Sacramento in March of '19 where he went nuclear in the 4th quarter and led them back from 25 down, with Atkinson going with DLo, Kurucs, Treveon Graham, Dudley and RHJ the whole quarter. RHJ had the most awkward looking game-winning layup I might have ever seen. Then they swung for the superteam and all the joy got sucked out of being a Nets fan ... again.",nba,"Breaking: D'Angelo Russell will not report to the Washington Wizards, according to LeagueAlerts",discussion,2,1770609925,https://www.reddit.com/r/nba/comments/1qzj0oz/breaking_dangelo_russell_will_not_report_to_the/o4dlq7z/,topup_analysis
o4chvem,"Nick Young has over 40 million in career earnings. Punching way above his way class is absurd talking about a mid aughts one hit wonder, who has made less than a third what he has. The guy is a scumbag, but let's not act like he cheated on Katy Perry.",nba,"Breaking: D'Angelo Russell will not report to the Washington Wizards, according to LeagueAlerts",discussion,3,1770596692,https://www.reddit.com/r/nba/comments/1qzj0oz/breaking_dangelo_russell_will_not_report_to_the/o4chvem/,topup_analysis
o4ck5j7,"He’s not washed, teams just know that you can’t teach an old dog new tricks at this point. The skills are there but he’s not realistic with himself about what kind of player he is. He acts like he thinks he’s a star level player and doesn’t do the little things to win. His habits won’t improve because at this point he acts like he’s just not being given the opportunity. He has been given opportunities to fill certain roles but he feels he’s above that. He wants to be the focal point of an offense and no one wants that from him",nba,"Breaking: D'Angelo Russell will not report to the Washington Wizards, according to LeagueAlerts",discussion,2,1770597431,https://www.reddit.com/r/nba/comments/1qzj0oz/breaking_dangelo_russell_will_not_report_to_the/o4ck5j7/,topup_analysis
o4da9y2,"> Like Swaggy P was punching way above his weight class with Iggy I like when people are astounded that a 6'7"" fit, stylish, handsome millionaire manages to ""get"" a famous girlfriend. Just because he was kind of a washout in the NBA doesn't mean he's not at the absolute peak of male candidates for dating. Even if that dude was dead broke he'd still walk into the bar and go home with the girl you walked in with. Just being tall, stylish and tattooed is enough.",nba,"Breaking: D'Angelo Russell will not report to the Washington Wizards, according to LeagueAlerts",discussion,3,1770605936,https://www.reddit.com/r/nba/comments/1qzj0oz/breaking_dangelo_russell_will_not_report_to_the/o4da9y2/,topup_analysis
o4bdn75,"Maybe, if you guys win another 1st round series this year, your fans will get to assault more random people in the streets! It makes sense though, when you haven’t won anything in 30 years I have to imagine it’s hard to not get excited.",nba,"Jalen Brunson after tough game vs Det, 31 pts (12-21 FG) 8 assists 3 rebounds in win vs Celtics",discussion,-20,1770583652,https://www.reddit.com/r/nba/comments/1qzje1t/jalen_brunson_after_tough_game_vs_det_31_pts_1221/o4bdn75/,topup_analysis
o4cz0m1,Come April there are very few players that put it into high gear like Brunson has consistently shown year in and year out during his Knicks tenure. He’s also the best player in any series against any East team minus Milwaukee and Boston (with Tatum),nba,"Jalen Brunson after tough game vs Det, 31 pts (12-21 FG) 8 assists 3 rebounds in win vs Celtics",discussion,4,1770602424,https://www.reddit.com/r/nba/comments/1qzje1t/jalen_brunson_after_tough_game_vs_det_31_pts_1221/o4cz0m1/,topup_analysis
o4b7i6g,"3FTA after Windy says Brunson is so good at drawing fouls in the pre-game. Not sure where Windy’s narrative hard-on comes from (he coined the “dark arts” term in relation to Brunson’s fouls) but this was ethical as fuck, as per usual",nba,"Jalen Brunson after tough game vs Det, 31 pts (12-21 FG) 8 assists 3 rebounds in win vs Celtics",discussion,39,1770581791,https://www.reddit.com/r/nba/comments/1qzje1t/jalen_brunson_after_tough_game_vs_det_31_pts_1221/o4b7i6g/,topup_analysis
o4f76bm,"I think portland's downfall has been widely documented, even by left wing outlets. Chicago is a mess crime-wise and if you argue to the contrary you just have been in DC too long to realize it's not normal to have such crime rates.",nba,Anthony Davis arrives to the Wizards locker room,discussion,-1,1770639764,https://www.reddit.com/r/nba/comments/1qzi0aw/anthony_davis_arrives_to_the_wizards_locker_room/o4f76bm/,topup_analysis
o4h1zot,"Built in 97, its the 9th oldest stadium in the NFL. It was built cheaply, fell behind on critical maintence, controversially removed 18,000 seats by tearing down a lot of the upper deck, and arguably most importantly just isn't in a good part of town. Landover and the surrounding area never developed, and there is basically nothing to do except go to the game and go home, which is rather inconvenient as there is no direct metro access.",nba,Anthony Davis arrives to the Wizards locker room,discussion,2,1770660993,https://www.reddit.com/r/nba/comments/1qzi0aw/anthony_davis_arrives_to_the_wizards_locker_room/o4h1zot/,topup_analysis
o4ibo5r,"Make no mistake, Leonsis sucks. Has proven he cares very little about the Wizards compared to the Caps and was only successful with them bc we lucked into a generational great with Ovi. Caps consistently hv cheaped out when it comes to paying coaches and willingness to fire a head coach bc then he'd have to pay for it. He wants these teams good enough to draw enough people to make money and please him saudi investors. And I believe the reno is part of what he strongarmed the city into paying",nba,Anthony Davis arrives to the Wizards locker room,discussion,2,1770674385,https://www.reddit.com/r/nba/comments/1qzi0aw/anthony_davis_arrives_to_the_wizards_locker_room/o4ibo5r/,topup_analysis
o4e1lwc,"Kawhi is at the top tier when healthy. The ""when healthy"" is obviously such a huge variable. Ant has been amazing this season, and is leveling up towards that top tier, but it takes a lot to get there. Kawhi has proven himself on an individual level in ways that are very difficult to replicate or match.",nba,Kawhi Leonard’s night is done as he continues his top-5 level play this season in a blowout win vs. Minnesota: 34 MINS │ 41 PTS │ 8 REB │ 2 AST │ 4 STL │ 14-30 FG │ 5-11 3P │ 8-10 FT │ +20 +/-,discussion,4,1770616851,https://www.reddit.com/r/nba/comments/1qzmzdu/kawhi_leonards_night_is_done_as_he_continues_his/o4e1lwc/,topup_analysis
o4e1tfp,"I always said that Luka guards Kawhi better than the other way around, and Kawhi is one of the defensive GOATS. No way is there any ""no way"" in this discussion Two of the absolute greats and it is about as neck-and-neck as possible.",nba,Kawhi Leonard’s night is done as he continues his top-5 level play this season in a blowout win vs. Minnesota: 34 MINS │ 41 PTS │ 8 REB │ 2 AST │ 4 STL │ 14-30 FG │ 5-11 3P │ 8-10 FT │ +20 +/-,discussion,-1,1770616955,https://www.reddit.com/r/nba/comments/1qzmzdu/kawhi_leonards_night_is_done_as_he_continues_his/o4e1tfp/,topup_analysis
o4dy3u0,There is an aspect to guys who are unbothered that is a 12 on the cool scale. Kawhi has it. Jokic has it. KD has it. Klay used to have it. Duncan had it Just so completely comfortable that the game is being processed so rapidly that it looks slow to them,nba,Kawhi Leonard’s night is done as he continues his top-5 level play this season in a blowout win vs. Minnesota: 34 MINS │ 41 PTS │ 8 REB │ 2 AST │ 4 STL │ 14-30 FG │ 5-11 3P │ 8-10 FT │ +20 +/-,discussion,-2,1770615167,https://www.reddit.com/r/nba/comments/1qzmzdu/kawhi_leonards_night_is_done_as_he_continues_his/o4dy3u0/,topup_analysis
o4e29lt,"If you are a basketball fan, he is beautiful to watch. There is really nothing else to say. An absolute marvel. An artist. I've been crying for more attention to the art of the game instead of statistics and ""efficiency."" This dude is a master. Period.",nba,Kawhi Leonard’s night is done as he continues his top-5 level play this season in a blowout win vs. Minnesota: 34 MINS │ 41 PTS │ 8 REB │ 2 AST │ 4 STL │ 14-30 FG │ 5-11 3P │ 8-10 FT │ +20 +/-,discussion,5,1770617181,https://www.reddit.com/r/nba/comments/1qzmzdu/kawhi_leonards_night_is_done_as_he_continues_his/o4e29lt/,topup_analysis
o9d78z4,"Celtics have the toughest remaining strength of schedule for any of the east teams. Cleveland, New York, and Detroit are all in the bottom 10. Not dooming, but the Celtics will have their work cut out for them the last 20 games.",nba,"GAME THREAD: Boston Celtics (42-21) @ Cleveland Cavaliers (39-24) - (March 08, 2026)",discussion,4,1772998571,https://www.reddit.com/r/nba/comments/1roacaf/game_thread_boston_celtics_4221_cleveland/o9d78z4/,topup_analysis
o9e4kyr,"Most fans (and the announcers) liked Nesmith a lot, he was just rough around the edges and we traded him for a 6th Man of the Year. He was good energy and still needed a year or two in the oven which didn’t fit the timeline.",nba,"GAME THREAD: Boston Celtics (42-21) @ Cleveland Cavaliers (39-24) - (March 08, 2026)",discussion,2,1773009118,https://www.reddit.com/r/nba/comments/1roacaf/game_thread_boston_celtics_4221_cleveland/o9e4kyr/,topup_analysis
o9d6qsi,We are missing an entire inside presence right now that will come back when Vuc is healthy.. We didnt have anyone that could hit him on the entry pass when he sealed down low.. Tatum can make those passes easily so i expect a lot of Tatum to Vuc down low post offense.,nba,"GAME THREAD: Boston Celtics (42-21) @ Cleveland Cavaliers (39-24) - (March 08, 2026)",discussion,1,1772998410,https://www.reddit.com/r/nba/comments/1roacaf/game_thread_boston_celtics_4221_cleveland/o9d6qsi/,topup_analysis
o9d71zt,I mean you are throwing your clutch threes to marcus smart to take... Sounds insane to say it but if you need smart out there for defense in the clutch you should let him run the offense so he can make outlet passes to Reeves and Luka for shots...,nba,"GAME THREAD: Boston Celtics (42-21) @ Cleveland Cavaliers (39-24) - (March 08, 2026)",discussion,1,1772998509,https://www.reddit.com/r/nba/comments/1roacaf/game_thread_boston_celtics_4221_cleveland/o9d71zt/,topup_analysis
o9fau4v,"my pro move is being so bad at multitasking that, when i shoot, my brain is way too focused on shooting to comprehend anything anyone says to me, whether it's important or not. i will shoot as well/poorly as i ever do no matter what you try to say to me in that moment, and then i comprehend the words a solid 2-3 seconds later.",nba,The Inside the NBA Crew Had Shaq Shoot Threes After the Cavs Went 2-22 from Deep in the 1st Half vs. Boston,discussion,2,1773024224,https://www.reddit.com/r/nba/comments/1rofdof/the_inside_the_nba_crew_had_shaq_shoot_threes/o9fau4v/,topup_analysis
o9hhkqk,On a regulation court that feels silly imo but a court with inperfections/bad lines or something i guess it makes sense. The 3 ball has been around my whole life so I dont think its the same sport without it. It changes the entire spacing and balance of a court. Playing 1s and 2s leaves a lot of space inside the line and just constantly chasing around the 3 line and playing only 1s turns it into a rugby scrum inside the line if everybody knows whats going on,nba,The Inside the NBA Crew Had Shaq Shoot Threes After the Cavs Went 2-22 from Deep in the 1st Half vs. Boston,discussion,0,1773063278,https://www.reddit.com/r/nba/comments/1rofdof/the_inside_the_nba_crew_had_shaq_shoot_threes/o9hhkqk/,topup_analysis
o9g73gr,you have to understand that current bigs are developed completely differently than they were when Shaq was young. Wemby has been practicing 3's since he topped 6'. Coaches would bench bigs who took that shot back in 80s/90s.,nba,The Inside the NBA Crew Had Shaq Shoot Threes After the Cavs Went 2-22 from Deep in the 1st Half vs. Boston,discussion,2,1773039958,https://www.reddit.com/r/nba/comments/1rofdof/the_inside_the_nba_crew_had_shaq_shoot_threes/o9g73gr/,topup_analysis
o9fbebw,"I’ve heard this theory and don’t buy it. Let’s say an average person shoots on a nerf hoop, same issue, you’re too big, ball is too light, you’re still making more baskets from 2 feet away than 3 feet, if you took hundreds of shots.",nba,The Inside the NBA Crew Had Shaq Shoot Threes After the Cavs Went 2-22 from Deep in the 1st Half vs. Boston,discussion,8,1773024441,https://www.reddit.com/r/nba/comments/1rofdof/the_inside_the_nba_crew_had_shaq_shoot_threes/o9fbebw/,topup_analysis
o9ed7ch,"As the games get tougher and teams are pushing for playoff spots, we’re going to keep getting exposed for having basically no 3pt shooting. Unless they take it easy down to stretch to recharge I really don’t see us making a legit run at it.",nba,"GAME THREAD: Detroit Pistons (45-17) @ Miami Heat (35-29) - (March 08, 2026)",discussion,1,1773012030,https://www.reddit.com/r/nba/comments/1rogbwa/game_thread_detroit_pistons_4517_miami_heat_3529/o9ed7ch/,topup_analysis
o9eb245,The thing is you only get to swing once in a big trade for your core and that starts the clock your front office juggling contracts while working around the margins for the rest of your roster. Wolves swung big for Gobert and it's yielded two CF appearances but our roster is stuck until we unlock more picks and develop more youth. Waiting sticks but it's not the worst.,nba,"GAME THREAD: Detroit Pistons (45-17) @ Miami Heat (35-29) - (March 08, 2026)",discussion,1,1773011289,https://www.reddit.com/r/nba/comments/1rogbwa/game_thread_detroit_pistons_4517_miami_heat_3529/o9eb245/,topup_analysis
o9ead5e,"Lamelo in the past has killed their offense any time they are on runs taking stupid deep threes trying to be a hero.. that might show itself in a playoff series.. but realisticly as the game slows down, i dont know if they can guard tatum or brown to get enough stops to win 4 games vs us and our shooting is good enough to keep up with them on hot nights. They might fair better vs the pistons who cant keep up shooting wise.",nba,"GAME THREAD: Detroit Pistons (45-17) @ Miami Heat (35-29) - (March 08, 2026)",discussion,2,1773011053,https://www.reddit.com/r/nba/comments/1rogbwa/game_thread_detroit_pistons_4517_miami_heat_3529/o9ead5e/,topup_analysis
o9ej3in,"the point is seeing him as a replacement for your 5th pick was short sighted. players are often two way players for a reason. He's on the scouting report now and not adjusting. Historically, it doesn't bode well for a resurgence but I'll be happy to be wrong.",nba,"GAME THREAD: Detroit Pistons (45-17) @ Miami Heat (35-29) - (March 08, 2026)",discussion,1,1773014107,https://www.reddit.com/r/nba/comments/1rogbwa/game_thread_detroit_pistons_4517_miami_heat_3529/o9ej3in/,topup_analysis
o9dew3d,"Idk, I think today's league will make it pretty tough for there to be a dynasty, especially with OKC (who probably has the better immediate odds), and the rise of the San Antonio Wemby & Friends. Plus the emergence of House Hornets has thrown an additional wild card into the mix",nba,The Celtics a potential dynasty hiding in plain sight?,discussion,3,1773000955,https://www.reddit.com/r/nba/comments/1roe7pi/the_celtics_a_potential_dynasty_hiding_in_plain/o9dew3d/,topup_analysis
o9dc36r,Well then that explains why your opinion is lower on OKC. Obviously i disagree but you’ll end up being confused when the team led by a guy way worse than steph and with no other stars ends up going b2b with b2b mvps and b2b fmvps,nba,The Celtics a potential dynasty hiding in plain sight?,discussion,4,1773000075,https://www.reddit.com/r/nba/comments/1roe7pi/the_celtics_a_potential_dynasty_hiding_in_plain/o9dc36r/,topup_analysis
o9dsu4v,"CBA math makes it harder to surround Tatum and Brown with the critical role players that you need for a dynasty. They'll have to retool continually, which means more chances for mistakes. I don't think it's likely. But, I doubt we'll see a 3peat this decade into the next.",nba,The Celtics a potential dynasty hiding in plain sight?,discussion,2,1773005377,https://www.reddit.com/r/nba/comments/1roe7pi/the_celtics_a_potential_dynasty_hiding_in_plain/o9dsu4v/,topup_analysis
o9d8awz,"Maybe but dynasties are hard. They would be right up there with the teams I'd guess would be one, but a lot of years happen without dynasties. We may not get one for awhile, or might be witnessing one right now. Hard to say.",nba,The Celtics a potential dynasty hiding in plain sight?,discussion,1,1772998901,https://www.reddit.com/r/nba/comments/1roe7pi/the_celtics_a_potential_dynasty_hiding_in_plain/o9d8awz/,topup_analysis
o9i7nr2,"No, Ime slept with someone who worked for the team. She broke it off and then he started harassing her, showing up to her house, etc. Her husband is the contractor. So, everyone saw that he had involvement with the Celtics and has the same last name as some minority owner/stakeholder and assumed Ime slept with an owner's wife. Ime got suspended and fired because he was sleeping with someone he had authority over. Boss to employee is not a consensual relationship because one holds power over the other and influences the employee's decision. Allowing bullshit like that to continue is how you get the toxic Mavericks FO. Celtics and Timberwolves are smart orgs that ousted that shit once it came to light.",nba,[Katz] Jayson Tatum looking like Jayson Tatum is a horrifying development for the rest of the East.,discussion,2,1773071509,https://www.reddit.com/r/nba/comments/1rob2oh/katz_jayson_tatum_looking_like_jayson_tatum_is_a/o9i7nr2/,topup_analysis
o9g7y0s,"lol dude there is nothing i can say that will make you change your mind on me watching the game. Again do you want me to do a play by play? Just say yes. Pick a minute. Pick a play. And I’ll tell you what happened. So either we do this or you get off your bullshit on it. I AM NOT ARGUING STATS. READ WHAT I WROTE. I am saying. 2. Fucking, games. Don’t fucking matter. 2 GAMES DONT MATTER. Unless you are saying otherwise. ARE YOU SAYING OTHERWISE? YES OR NO? If no, quit bullshitting!!! I told you 25 times what I mean. What are you not getting? 2. Fucking. Games. Don’t. Predict the future. 2 games don’t predict the future. lol have I made my point or do you need to listen to it again. The only reason I brought up examples is because 2 fucking games don’t predict the future!!! Literally!! And they had stats!! They didn’t fucking matter! lol so why do you keep bringing up “oh you keep bringing up shooting”. I said don’t exaggerate in post 1.",nba,[Katz] Jayson Tatum looking like Jayson Tatum is a horrifying development for the rest of the East.,discussion,-1,1773040462,https://www.reddit.com/r/nba/comments/1rob2oh/katz_jayson_tatum_looking_like_jayson_tatum_is_a/o9g7y0s/,topup_analysis
o9g7ncp,Not only that but the piece that they got for holiday was basically traded away for nothing but financial reasons. To get the owners under the tax. And then the guy they got for him is now out for a month. Vucevic. It's almost as shocking as the Patriots making the super bowl this year,nba,[Katz] Jayson Tatum looking like Jayson Tatum is a horrifying development for the rest of the East.,discussion,1,1773040284,https://www.reddit.com/r/nba/comments/1rob2oh/katz_jayson_tatum_looking_like_jayson_tatum_is_a/o9g7ncp/,topup_analysis
o9g7rfv,Yes I think one variable to look at is the new ownership group which is the most any US own team has that's private equity. The ownership group is only really allowed to be structured like this because of new loosened restrictions. So I do worry that if they don't let him spend eventually he'll find someone that does. It's too early to say for certainty what kind of leeway he will have. The new owners came in and the Tatum injury made the option of sort of a cleaning house on the contract and obvious one when they were paying $7 for every $1 over the repeater tax.,nba,[Katz] Jayson Tatum looking like Jayson Tatum is a horrifying development for the rest of the East.,discussion,2,1773040351,https://www.reddit.com/r/nba/comments/1rob2oh/katz_jayson_tatum_looking_like_jayson_tatum_is_a/o9g7rfv/,topup_analysis
oftdfr5,"You do realize people can search your name on Reddit, right? You've been bitching about Shai ""getting more hate than Jokic and Luka"" for over a year now. Give it a fucking rest. Also, quoting fouls drawn per 36 is wildly disingenuous, because flopping is not the only way star players draw free throws. Pardon me if I believe that the post big gets hacked a lot compared to a shifty guard known for being able to manipulate defenders. It has nothing to do with him being black. I'm about as much of a fan of Luka as I am Shai, in that I find both interesting from a strategic and skillset perspective, but don't enjoy watching either that much because their playstyles don't appeal to me.",nba,Why is Shai so disliked on nba talk sub?,discussion,5,1776025114,https://www.reddit.com/r/nba/comments/1sjntgf/why_is_shai_so_disliked_on_nba_talk_sub/oftdfr5/,topup_analysis
oftcx0t,"Like I said, I don’t have clips of him flopping on hand lol. I don’t know why you expect me to. If you’re honest, then next time you watch him play you’ll see it. I don’t get anything out of you believing me lol Here’s the flop that earned him a tech, though. https://youtu.be/28GoMOwkEgo?si=rLcP6u7Kj2qkmCwD",nba,Why is Shai so disliked on nba talk sub?,discussion,1,1776024963,https://www.reddit.com/r/nba/comments/1sjntgf/why_is_shai_so_disliked_on_nba_talk_sub/oftcx0t/,topup_analysis
oftcn4p,"Okc with shai on the court is like 10-11 points better offensively and okc has been circa top 5 offensively last 2 years with no one else scoring more than 20-22 points and with below average shooting For reference your team shots like 43% in open 3's and okc shots 37%, Shai with like 80+% of self created pull up 3's actually rises our team averages for example",nba,Why is Shai so disliked on nba talk sub?,discussion,0,1776024884,https://www.reddit.com/r/nba/comments/1sjntgf/why_is_shai_so_disliked_on_nba_talk_sub/oftcn4p/,topup_analysis
oft9mge,"LMAO, keep trying. Jokic gets less hate because his team has never been as front and center as OKC is this year, and even on his worst days, Jokic still falls over less than Shai does. It also helps that Jokic only started flopping on a consistent basis this season, whereas he didn't take nearly as many dives in prior years. Comparatively, SGA has been a constant diver for years upon years.",nba,Why is Shai so disliked on nba talk sub?,discussion,2,1776024009,https://www.reddit.com/r/nba/comments/1sjntgf/why_is_shai_so_disliked_on_nba_talk_sub/oft9mge/,topup_analysis
ofsytj0,"Nonsense. Pretty much all of the guys that missed games for injury also missed games for load management. If you don't want to be in jeopardy of an injury ruining your award eligibility, then don't load manage throughout the season.",nba,"This season at least, the 65-game rule didn't stop load management - it punished legitimate injuries",discussion,6,1776020912,https://www.reddit.com/r/nba/comments/1sjn8bm/this_season_at_least_the_65game_rule_didnt_stop/ofsytj0/,topup_analysis
ofszioj,I’m likely missing something but the simplest solution to these issues imo is just to extend the season in days to eliminate back to backs and allow for more recovery between games. Extend the season two or three or however many weeks.,nba,"This season at least, the 65-game rule didn't stop load management - it punished legitimate injuries",discussion,0,1776021109,https://www.reddit.com/r/nba/comments/1sjn8bm/this_season_at_least_the_65game_rule_didnt_stop/ofszioj/,topup_analysis
oft1a2m,"To have even 82 games of Kevin Durant this season on an All-NBA team in lieu of a legitimate top three player who played 62 games is moronic. When you tell the story of the 2025-26 season, KD is an afterthought. Jokic was a top three player at worst.",nba,"This season at least, the 65-game rule didn't stop load management - it punished legitimate injuries",discussion,2,1776021617,https://www.reddit.com/r/nba/comments/1sjn8bm/this_season_at_least_the_65game_rule_didnt_stop/oft1a2m/,topup_analysis
oft89sx,"Exactly. I haven't heard much chatter about it from Detroit fans. More of a ""damn, that sucks"". But I've seen a number of threads from a particular flair whining about it (and of course shitting on the other MVP/all-NBA candidates).",nba,"This season at least, the 65-game rule didn't stop load management - it punished legitimate injuries",discussion,1,1776023623,https://www.reddit.com/r/nba/comments/1sjn8bm/this_season_at_least_the_65game_rule_didnt_stop/oft89sx/,topup_analysis
oftp5n6,"not that it matters, but 41 seems off, not only does the plane have to come back, but then theres the all star game, over seas games, and now the playoffs. Id guess its probably in the 60s for plane trips for the average playoff bound player?",nba,Victor Wembanyama after being asked about the environment,discussion,0,1776028663,https://www.reddit.com/r/nba/comments/1sjjj46/victor_wembanyama_after_being_asked_about_the/oftp5n6/,topup_analysis
og27erq,"So it is bringing up completely irrelevant information then? If people want to talk about his anti-vax stuff then fine, but the “holding them accountable” comment was worded in such a way that made it seem more clever than that. Hence why I thought I was missing something. Maybe I’m overthinking it, but I appreciate you being my interpreter here lol",nba,Victor Wembanyama after being asked about the environment,discussion,1,1776134411,https://www.reddit.com/r/nba/comments/1sjjj46/victor_wembanyama_after_being_asked_about_the/og27erq/,topup_analysis
nz2hlvm,He starts the jumpshot 4 feet behind the line and ends up inside the three point line.,nba,[Highlight] Clowney Jumps 4 Feet into Jaren Jackson Jr and is Awarded a 3 Shot Foul,highlight,0,1768176104,https://www.reddit.com/r/nba/comments/1qacver/highlight_clowney_jumps_4_feet_into_jaren_jackson/nz2hlvm/,topup_reaction
nz2w38u,This sport is unwatchable.,nba,[Highlight] Clowney Jumps 4 Feet into Jaren Jackson Jr and is Awarded a 3 Shot Foul,highlight,2,1768180471,https://www.reddit.com/r/nba/comments/1qacver/highlight_clowney_jumps_4_feet_into_jaren_jackson/nz2w38u/,topup_reaction
nz2v19r,Garrison Mathew’s is the GOAT at this.Theres a whole compilation on YT of him jumping almost 5 feet forward.,nba,[Highlight] Clowney Jumps 4 Feet into Jaren Jackson Jr and is Awarded a 3 Shot Foul,highlight,1,1768180135,https://www.reddit.com/r/nba/comments/1qacver/highlight_clowney_jumps_4_feet_into_jaren_jackson/nz2v19r/,topup_reaction
nz2dsq5,Nba lacks a lot of common sense man. Like wtf are we doing here...,nba,[Highlight] Clowney Jumps 4 Feet into Jaren Jackson Jr and is Awarded a 3 Shot Foul,highlight,2,1768174926,https://www.reddit.com/r/nba/comments/1qacver/highlight_clowney_jumps_4_feet_into_jaren_jackson/nz2dsq5/,topup_reaction
nz2t1ep,How much landing zone do you want exactly? Because this one shouldn't be called,nba,[Highlight] Clowney Jumps 4 Feet into Jaren Jackson Jr and is Awarded a 3 Shot Foul,highlight,3,1768179502,https://www.reddit.com/r/nba/comments/1qacver/highlight_clowney_jumps_4_feet_into_jaren_jackson/nz2t1ep/,topup_reaction
o4bjeup,Celtics are so close to the luxury tax line that they won't be able to sign a veteran player until the last day of the season.,nba,"[Post Game Thread] The New York Knicks (34-19) defeat the Boston Celtics (34-19), 111-89.",post_game,10,1770585369,https://www.reddit.com/r/nba/comments/1qzj5st/post_game_thread_the_new_york_knicks_3419_defeat/o4bjeup/,topup_reaction
o4bjfnl,Imagine the Knicks and the Celtics having the same record,nba,"[Post Game Thread] The New York Knicks (34-19) defeat the Boston Celtics (34-19), 111-89.",post_game,1,1770585376,https://www.reddit.com/r/nba/comments/1qzj5st/post_game_thread_the_new_york_knicks_3419_defeat/o4bjfnl/,topup_reaction
o4b8ung,*cries in 4th quarter of game 1 of 2025 ECF*,nba,"[Post Game Thread] The New York Knicks (34-19) defeat the Boston Celtics (34-19), 111-89.",post_game,18,1770582202,https://www.reddit.com/r/nba/comments/1qzj5st/post_game_thread_the_new_york_knicks_3419_defeat/o4b8ung/,topup_reaction
o4b8uro,So he was just hating on the celts. Makes sense.,nba,"[Post Game Thread] The New York Knicks (34-19) defeat the Boston Celtics (34-19), 111-89.",post_game,3,1770582203,https://www.reddit.com/r/nba/comments/1qzj5st/post_game_thread_the_new_york_knicks_3419_defeat/o4b8uro/,topup_reaction
o4bande,Undefeated though in games I don’t have to watch by clicking on Amazon. I believe thats 4 in a row on NBC/ABC,nba,"[Post Game Thread] The New York Knicks (34-19) defeat the Boston Celtics (34-19), 111-89.",post_game,4,1770582747,https://www.reddit.com/r/nba/comments/1qzj5st/post_game_thread_the_new_york_knicks_3419_defeat/o4bande/,topup_reaction
o4djebv,Update his software and hardware? He is legitimately moving like it was 2015-17 Kawhi.,nba,"[Post Game Thread] The Los Angeles Clippers (25-27) dismantle the Minnesota Timberwolves (32-22), 115-96 behind Kawhi Leonard’s 41p/8r/2a/4s",post_game,5,1770609024,https://www.reddit.com/r/nba/comments/1qzn5kz/post_game_thread_the_los_angeles_clippers_2527/o4djebv/,topup_reaction
o4e8a2e,Kawhi and a Fistful of dollars,nba,"[Post Game Thread] The Los Angeles Clippers (25-27) dismantle the Minnesota Timberwolves (32-22), 115-96 behind Kawhi Leonard’s 41p/8r/2a/4s",post_game,18,1770620309,https://www.reddit.com/r/nba/comments/1qzn5kz/post_game_thread_the_los_angeles_clippers_2527/o4e8a2e/,topup_reaction
o4cha8h,and is absolutely nothing like MJ,nba,"[Post Game Thread] The Los Angeles Clippers (25-27) dismantle the Minnesota Timberwolves (32-22), 115-96 behind Kawhi Leonard’s 41p/8r/2a/4s",post_game,20,1770596495,https://www.reddit.com/r/nba/comments/1qzn5kz/post_game_thread_the_los_angeles_clippers_2527/o4cha8h/,topup_reaction
o4cvcqc,keep mind other guys on the team. arent always gonna have quiet nights,nba,"[Post Game Thread] The Los Angeles Clippers (25-27) dismantle the Minnesota Timberwolves (32-22), 115-96 behind Kawhi Leonard’s 41p/8r/2a/4s",post_game,5,1770601263,https://www.reddit.com/r/nba/comments/1qzn5kz/post_game_thread_the_los_angeles_clippers_2527/o4cvcqc/,topup_reaction
o4e9u2j,They just lost to the pelicans. In a major slump,nba,"[Post Game Thread] The Los Angeles Clippers (25-27) dismantle the Minnesota Timberwolves (32-22), 115-96 behind Kawhi Leonard’s 41p/8r/2a/4s",post_game,5,1770621151,https://www.reddit.com/r/nba/comments/1qzn5kz/post_game_thread_the_los_angeles_clippers_2527/o4e9u2j/,topup_reaction
o4e73m4,Great Camera Awareness is a superstar trait,nba,"[Highlight] Scottie Barnes looks to the camera after a no call, then gets an open dunk on the next play.",highlight,3,1770619680,https://www.reddit.com/r/nba/comments/1qzmrmk/highlight_scottie_barnes_looks_to_the_camera/o4e73m4/,topup_reaction
o4d80qs,Idk how amazed you should be that he saw that camera that he practically slid into lol,nba,"[Highlight] Scottie Barnes looks to the camera after a no call, then gets an open dunk on the next play.",highlight,1,1770605237,https://www.reddit.com/r/nba/comments/1qzmrmk/highlight_scottie_barnes_looks_to_the_camera/o4d80qs/,topup_reaction
o4fyg3x,Better angle for sure. Doesn’t look like a travel there.,nba,"[Highlight] Scottie Barnes looks to the camera after a no call, then gets an open dunk on the next play.",highlight,5,1770649613,https://www.reddit.com/r/nba/comments/1qzmrmk/highlight_scottie_barnes_looks_to_the_camera/o4fyg3x/,topup_reaction
o4eo96f,I know folk are done with the 90’s and 00’s but I feel like it happened a lot more back then.,nba,"[Highlight] Scottie Barnes looks to the camera after a no call, then gets an open dunk on the next play.",highlight,14,1770629592,https://www.reddit.com/r/nba/comments/1qzmrmk/highlight_scottie_barnes_looks_to_the_camera/o4eo96f/,topup_reaction
o4ehua7,"I don't watch basketball but I knew the game as a kid. May I ask, why don't they whistle for travelling? That just seemed so blatant.",nba,"[Highlight] Scottie Barnes looks to the camera after a no call, then gets an open dunk on the next play.",highlight,5,1770625754,https://www.reddit.com/r/nba/comments/1qzmrmk/highlight_scottie_barnes_looks_to_the_camera/o4ehua7/,topup_reaction
o4bzk6m,Surprise he didn't turn to the refs looking for a call.,nba,"[Highlight] Bam Adebayo posterizes Kel'el Ware, his own teammate",highlight,198,1770590329,https://www.reddit.com/r/nba/comments/1qzj9n7/highlight_bam_adebayo_posterizes_kelel_ware_his/o4bzk6m/,topup_reaction
o4e2ne7,Incredible dunk and hilarious,nba,"[Highlight] Bam Adebayo posterizes Kel'el Ware, his own teammate",highlight,1,1770617374,https://www.reddit.com/r/nba/comments/1qzj9n7/highlight_bam_adebayo_posterizes_kelel_ware_his/o4e2ne7/,topup_reaction
o4bxim8,I've never seen anything like this in my 20+ years of watching,nba,"[Highlight] Bam Adebayo posterizes Kel'el Ware, his own teammate",highlight,8,1770589669,https://www.reddit.com/r/nba/comments/1qzj9n7/highlight_bam_adebayo_posterizes_kelel_ware_his/o4bxim8/,topup_reaction
o4dx7wi,Honestly the funniest thing I've seen in a while,nba,"[Highlight] Bam Adebayo posterizes Kel'el Ware, his own teammate",highlight,31,1770614753,https://www.reddit.com/r/nba/comments/1qzj9n7/highlight_bam_adebayo_posterizes_kelel_ware_his/o4dx7wi/,topup_reaction
o4e76a7,"No title shot, but glad to see they are at least having fun in south beach",nba,"[Highlight] Bam Adebayo posterizes Kel'el Ware, his own teammate",highlight,1,1770619719,https://www.reddit.com/r/nba/comments/1qzj9n7/highlight_bam_adebayo_posterizes_kelel_ware_his/o4e76a7/,topup_reaction
o4dibo2,The “steal reel” was right there for the taking,nba,"[Highlight] Jose Alvarado bricks the corner 3 and then pokes away the ball away from Jaylen Brown, from behind, and scores the easy fastbreak 2 (with a replay)",highlight,4,1770608633,https://www.reddit.com/r/nba/comments/1qziuog/highlight_jose_alvarado_bricks_the_corner_3_and/o4dibo2/,topup_reaction
o4fcm1r,"""poking from behind, which he does so well, and the finish""",nba,"[Highlight] Jose Alvarado bricks the corner 3 and then pokes away the ball away from Jaylen Brown, from behind, and scores the easy fastbreak 2 (with a replay)",highlight,1,1770642044,https://www.reddit.com/r/nba/comments/1qziuog/highlight_jose_alvarado_bricks_the_corner_3_and/o4fcm1r/,topup_reaction
o4d2uhg,Straight up cost the Cs 2022 vs the Warriors,nba,"[Highlight] Jose Alvarado bricks the corner 3 and then pokes away the ball away from Jaylen Brown, from behind, and scores the easy fastbreak 2 (with a replay)",highlight,4,1770603638,https://www.reddit.com/r/nba/comments/1qziuog/highlight_jose_alvarado_bricks_the_corner_3_and/o4d2uhg/,topup_reaction
o4i60n7,It's a great counter to the casual carry violation that every modern NBA ballhandler has.,nba,"[Highlight] Jose Alvarado bricks the corner 3 and then pokes away the ball away from Jaylen Brown, from behind, and scores the easy fastbreak 2 (with a replay)",highlight,2,1770672679,https://www.reddit.com/r/nba/comments/1qziuog/highlight_jose_alvarado_bricks_the_corner_3_and/o4i60n7/,topup_reaction
o4b2s0h,It’s honestly baffling that this always works lol,nba,"[Highlight] Jose Alvarado bricks the corner 3 and then pokes away the ball away from Jaylen Brown, from behind, and scores the easy fastbreak 2 (with a replay)",highlight,219,1770580389,https://www.reddit.com/r/nba/comments/1qziuog/highlight_jose_alvarado_bricks_the_corner_3_and/o4b2s0h/,topup_reaction
o9evw71,JJ not calling a TO when the run started pissed me off,nba,"[Post Game Thread] The Los Angeles Lakers (38-25) defeat the New York Knicks (41-23), 110-97.",post_game,3,1773018618,https://www.reddit.com/r/nba/comments/1roiayc/post_game_thread_the_los_angeles_lakers_3825/o9evw71/,topup_reaction
o9eti72,No no Nico Harrison HAD A STROKE. (You're right though),nba,"[Post Game Thread] The Los Angeles Lakers (38-25) defeat the New York Knicks (41-23), 110-97.",post_game,5,1773017761,https://www.reddit.com/r/nba/comments/1roiayc/post_game_thread_the_los_angeles_lakers_3825/o9eti72/,topup_reaction
o9es36e,Plus forget gabe hes taking laravia's minutes and for the past 3 months teams just havent been guarding him at all so it completely fucks our offense,nba,"[Post Game Thread] The Los Angeles Lakers (38-25) defeat the New York Knicks (41-23), 110-97.",post_game,6,1773017263,https://www.reddit.com/r/nba/comments/1roiayc/post_game_thread_the_los_angeles_lakers_3825/o9es36e/,topup_reaction
o9e9v0t,It was great basketball until the 10 minute mark of the 4th quarter,nba,"[Post Game Thread] The Los Angeles Lakers (38-25) defeat the New York Knicks (41-23), 110-97.",post_game,7,1773010881,https://www.reddit.com/r/nba/comments/1roiayc/post_game_thread_the_los_angeles_lakers_3825/o9e9v0t/,topup_reaction
o9e8no0,They can go over the cap to pay both so it aint a problem. Rui probably goes for the room exception anyway. He aint worth 18 million a year,nba,"[Post Game Thread] The Los Angeles Lakers (38-25) defeat the New York Knicks (41-23), 110-97.",post_game,26,1773010473,https://www.reddit.com/r/nba/comments/1roiayc/post_game_thread_the_los_angeles_lakers_3825/o9e8no0/,topup_reaction
o9dpl69,"Nothing makes these years feel better than knowing you were commenting ""if Sullinger just stops eating Dunkin we can-"" a decade ago.",nba,"[Post Game Thread] The Boston Celtics (43-21) defeat the Cleveland Cavaliers (39-25), 109-98.",post_game,11,1773004342,https://www.reddit.com/r/nba/comments/1roe2oc/post_game_thread_the_boston_celtics_4321_defeat/o9dpl69/,topup_reaction
o9fg20p,Mitchell down 20 is the best player in the NBA,nba,"[Post Game Thread] The Boston Celtics (43-21) defeat the Cleveland Cavaliers (39-25), 109-98.",post_game,1,1773026304,https://www.reddit.com/r/nba/comments/1roe2oc/post_game_thread_the_boston_celtics_4321_defeat/o9fg20p/,topup_reaction
o9eanwf,No he’s not he gets bullied all the time for being small,nba,"[Post Game Thread] The Boston Celtics (43-21) defeat the Cleveland Cavaliers (39-25), 109-98.",post_game,-18,1773011154,https://www.reddit.com/r/nba/comments/1roe2oc/post_game_thread_the_boston_celtics_4321_defeat/o9eanwf/,topup_reaction
o9dsnvo,Queta is just a flat out good starting level center now. I can't believe he's improved this much this quickly.,nba,"[Post Game Thread] The Boston Celtics (43-21) defeat the Cleveland Cavaliers (39-25), 109-98.",post_game,12,1773005322,https://www.reddit.com/r/nba/comments/1roe2oc/post_game_thread_the_boston_celtics_4321_defeat/o9dsnvo/,topup_reaction
o9deeub,Kinda just a weird joke/ comment. Like it’s not offensive but just kinda odd.,nba,"[Post Game Thread] The Boston Celtics (43-21) defeat the Cleveland Cavaliers (39-25), 109-98.",post_game,13,1773000803,https://www.reddit.com/r/nba/comments/1roe2oc/post_game_thread_the_boston_celtics_4321_defeat/o9deeub/,topup_reaction
o9dify4,"Shai, Jokic, Giannis, Luka, Wemby. Who is Tatum better than out of those 5?",nba,[Highlight] Tatum hits the dagger 3 to put the Celtics up 12 with 2 minutes left in the 4th quarter,highlight,-19,1773002083,https://www.reddit.com/r/nba/comments/1roe5qi/highlight_tatum_hits_the_dagger_3_to_put_the/o9dify4/,topup_reaction
o9dl21h,"Wemby hasn't done diddly-poo yet. Great season, but still only this one season where we can pass fair judgement on him.",nba,[Highlight] Tatum hits the dagger 3 to put the Celtics up 12 with 2 minutes left in the 4th quarter,highlight,6,1773002910,https://www.reddit.com/r/nba/comments/1roe5qi/highlight_tatum_hits_the_dagger_3_to_put_the/o9dl21h/,topup_reaction
o9e28zd,"KP averaged like 4 and 3 that series. Sucks he wasn't able to give basically anything, but we also threw away game 1 and 2 sadly",nba,[Highlight] Tatum hits the dagger 3 to put the Celtics up 12 with 2 minutes left in the 4th quarter,highlight,3,1773008355,https://www.reddit.com/r/nba/comments/1roe5qi/highlight_tatum_hits_the_dagger_3_to_put_the/o9e28zd/,topup_reaction
o9dov66,If he’s easily better than Luka why doesn’t a single advanced stat ever agree with that? Luka’s also been better in the playoffs.,nba,[Highlight] Tatum hits the dagger 3 to put the Celtics up 12 with 2 minutes left in the 4th quarter,highlight,-21,1773004116,https://www.reddit.com/r/nba/comments/1roe5qi/highlight_tatum_hits_the_dagger_3_to_put_the/o9dov66/,topup_reaction
o9hapfk,"He’s talking about scary scary, like wolf-man and ghouls",nba,[Highlight] Tatum hits the dagger 3 to put the Celtics up 12 with 2 minutes left in the 4th quarter,highlight,1,1773060808,https://www.reddit.com/r/nba/comments/1roe5qi/highlight_tatum_hits_the_dagger_3_to_put_the/o9hapfk/,topup_reaction
o9ew80w,"Luka. Harden, Kidd. 3 players who have made this in game. Lebron probably too but I dont recall one from him quite like this",nba,[Highlight] James Harden with the alley-oop pass from almost half court to Evan Mobley for the dunk (with replays),highlight,2,1773018738,https://www.reddit.com/r/nba/comments/1roe10y/highlight_james_harden_with_the_alleyoop_pass/o9ew80w/,topup_reaction
o9dh3rz,"Ah, you just wanted to be pedantic",nba,[Highlight] James Harden with the alley-oop pass from almost half court to Evan Mobley for the dunk (with replays),highlight,29,1773001653,https://www.reddit.com/r/nba/comments/1roe10y/highlight_james_harden_with_the_alleyoop_pass/o9dh3rz/,topup_reaction
o9dl6o0,Caught everyone off guard with that shit. What a fucking dime Good catch and finish from Evan,nba,[Highlight] James Harden with the alley-oop pass from almost half court to Evan Mobley for the dunk (with replays),highlight,3,1773002950,https://www.reddit.com/r/nba/comments/1roe10y/highlight_james_harden_with_the_alleyoop_pass/o9dl6o0/,topup_reaction
o9fcnne,"They literally have... This is an outstandingly good pass, but it's far from being the only one like it.",nba,[Highlight] James Harden with the alley-oop pass from almost half court to Evan Mobley for the dunk (with replays),highlight,1,1773024933,https://www.reddit.com/r/nba/comments/1roe10y/highlight_james_harden_with_the_alleyoop_pass/o9fcnne/,topup_reaction
o9gk2xe,"Old man Harden, can't hate on him now I guess haha",nba,[Highlight] James Harden with the alley-oop pass from almost half court to Evan Mobley for the dunk (with replays),highlight,2,1773047855,https://www.reddit.com/r/nba/comments/1roe10y/highlight_james_harden_with_the_alleyoop_pass/o9gk2xe/,topup_reaction
o9eei1f,"Lakers crowd has always been shit compared to other teams, but it has gotten increasingly awful in recent years",nba,[Highlight] Luka sinks the dagger 3 from deep,highlight,2,1773012487,https://www.reddit.com/r/nba/comments/1roi6pa/highlight_luka_sinks_the_dagger_3_from_deep/o9eei1f/,topup_reaction
o9euyly,Open 3's = no Contested 3's = yes,nba,[Highlight] Luka sinks the dagger 3 from deep,highlight,3,1773018283,https://www.reddit.com/r/nba/comments/1roi6pa/highlight_luka_sinks_the_dagger_3_from_deep/o9euyly/,topup_reaction
o9e3blh,"Yeah LA definitely has proper fans, sad to see them getting priced out",nba,[Highlight] Luka sinks the dagger 3 from deep,highlight,28,1773008705,https://www.reddit.com/r/nba/comments/1roi6pa/highlight_luka_sinks_the_dagger_3_from_deep/o9e3blh/,topup_reaction
o9et0nj,Is that Johnny Depp next to Mike brown??,nba,[Highlight] Luka sinks the dagger 3 from deep,highlight,1,1773017591,https://www.reddit.com/r/nba/comments/1roi6pa/highlight_luka_sinks_the_dagger_3_from_deep/o9et0nj/,topup_reaction
o9e9rc5,Makes me think of Roaracle days...,nba,[Highlight] Luka sinks the dagger 3 from deep,highlight,8,1773010845,https://www.reddit.com/r/nba/comments/1roi6pa/highlight_luka_sinks_the_dagger_3_from_deep/o9e9rc5/,topup_reaction
ofw5k75,Literally no one says otherwise.,nba,"[Highlight] Mikal Bridges gets subbed 23 seconds into the game vs. the Hornets, keeping his Iron streak on.

Not missing a game... 638 straight games",highlight,0,1776062085,https://www.reddit.com/r/nba/comments/1sjsjvq/highlight_mikal_bridges_gets_subbed_23_seconds/ofw5k75/,topup_reaction
ofwfkjz,They separate regular season and playoffs all the time. This isn’t any different,nba,"[Highlight] Mikal Bridges gets subbed 23 seconds into the game vs. the Hornets, keeping his Iron streak on.

Not missing a game... 638 straight games",highlight,7,1776067429,https://www.reddit.com/r/nba/comments/1sjsjvq/highlight_mikal_bridges_gets_subbed_23_seconds/ofwfkjz/,topup_reaction
ofvzjsa,Basketball reference is gonna say 82 gp that's literally all that matters,nba,"[Highlight] Mikal Bridges gets subbed 23 seconds into the game vs. the Hornets, keeping his Iron streak on.

Not missing a game... 638 straight games",highlight,2,1776059039,https://www.reddit.com/r/nba/comments/1sjsjvq/highlight_mikal_bridges_gets_subbed_23_seconds/ofvzjsa/,topup_reaction
ofya9u4,He literally can. You're literally lying. And you literally don't know what literally means.,nba,"[Highlight] Mikal Bridges gets subbed 23 seconds into the game vs. the Hornets, keeping his Iron streak on.

Not missing a game... 638 straight games",highlight,-1,1776093013,https://www.reddit.com/r/nba/comments/1sjsjvq/highlight_mikal_bridges_gets_subbed_23_seconds/ofya9u4/,topup_reaction
ofz75yg,It’s not stupid at all. It’s consistent. This ain’t baseball where you can swing a bat a couple times and stand around and call it a day,nba,"[Highlight] Mikal Bridges gets subbed 23 seconds into the game vs. the Hornets, keeping his Iron streak on.

Not missing a game... 638 straight games",highlight,1,1776101732,https://www.reddit.com/r/nba/comments/1sjsjvq/highlight_mikal_bridges_gets_subbed_23_seconds/ofz75yg/,topup_reaction
